Наименование,Описание,Рубрики,Адрес,Комментарий к адресу,Почтовый индекс,Микрорайон,Район,Город,Округ,Регион,Страна,Часы работы,Часовой пояс,Рейтинг,Количество отзывов,Телефон 1,Телефон 2,Телефон 3,E-mail,Веб-сайт 1,Веб-сайт 2,ВКонтакте,WhatsApp,Viber,Telegram,YouTube,Широта,Долгота,2GIS URL
Жара,банный комплекс,Бани / Сауны,"улица Лепсе, 6",,610006,,Октябрьский район,Киров,Киров городской округ,Кировская область,Россия,Пн: 00:00-24:00; Вт: 00:00-24:00; Ср: 00:00-24:00; Чт: 00:00-24:00; Пт: 00:00-24:00; Сб: 00:00-24:00; Вс: 00:00-24:00,+03:00,4.8,118,88332206166,,,,http://www.sauna-kirov.ru,,https://vk.com/sauna_kirov_zhara,,,,,58.623184,49.644862,https://2gis.com/firm/70000001019465925
Фараон,банный комплекс,Бани / Сауны; Аренда беседок,"Комсомольская улица, 60а к1",,610014,Дружба м-н,Ленинский район,Киров,Киров городской округ,Кировская область,Россия,Пн: 00:00-24:00; Вт: 00:00-24:00; Ср: 00:00-24:00; Чт: 00:00-24:00; Пт: 00:00-24:00; Сб: 00:00-24:00; Вс: 00:00-24:00,+03:00,4.8,64,88332745666,88332222666,,,http://faraon-sauna.ru,,https://vk.com/faraonkirov,,,,https://youtube.com/channel/UChKzJ0li5vRF5UFahZ6PPEQ,58.573318,49.633302,https://2gis.com/firm/70000001006167899
Малина,сауна,Бани / Сауны,"улица Северное кольцо, 56а",2 этаж,610006,,Первомайский район,Киров,Киров городской округ,Кировская область,Россия,Пн: 00:00-24:00; Вт: 00:00-24:00; Ср: 00:00-24:00; Чт: 00:00-24:00; Пт: 00:00-24:00; Сб: 00:00-24:00; Вс: 00:00-24:00,+03:00,4.3,39,88332746060,,,,http://sauna-malina43.ru,,https://vk.com/kirov_sauna,,,,,58.623495,49.652439,https://2gis.com/firm/70000001035475811
Рай,сауна,Бани / Сауны,"Стахановская улица, 29 к1",,610016,ОЦМ м-н,Октябрьский район,Киров,Киров городской округ,Кировская область,Россия,Пн: 00:00-24:00; Вт: 00:00-24:00; Ср: 00:00-24:00; Чт: 00:00-24:00; Пт: 00:00-24:00; Сб: 00:00-24:00; Вс: 00:00-24:00,+03:00,5.0,143,88332758888,89539458888,,,http://мужские-сауны.рф,,https://vk.com/sauna_rai_kirov,,viber://chat/?number=79229930209,,,58.629689,49.625706,https://2gis.com/firm/70000001028335340
Текила,,Бани / Сауны,"Студенческий проезд, 18",,610033,,Октябрьский район,Киров,Киров городской округ,Кировская область,Россия,Пн: 00:00-24:00; Вт: 00:00-24:00; Ср: 00:00-24:00; Чт: 00:00-24:00; Пт: 00:00-24:00; Сб: 00:00-24:00; Вс: 00:00-24:00,+03:00,4.6,19,88332210850,88332774456,,,,,https://vk.com/sauna_tekila,,,,,58.603968,49.618879,https://2gis.com/firm/8163302605753595
Фортуна,сауна,Бани / Сауны,"улица МОПРа, 102",1 этаж,610005,,Октябрьский район,Киров,Киров городской округ,Кировская область,Россия,Пн: 00:00-24:00; Вт: 00:00-24:00; Ср: 00:00-24:00; Чт: 00:00-24:00; Пт: 00:00-24:00; Сб: 00:00-24:00; Вс: 00:00-24:00,+03:00,4.6,16,88332777791,,,,http://fortuna43.ru,,,,,,,58.609714,49.661029,https://2gis.com/firm/70000001021162593
Клеопатра,сауна,Бани / Сауны,"улица Чапаева, 67 к1",,610001,,Ленинский район,Киров,Киров городской округ,Кировская область,Россия,Пн: 00:00-24:00; Вт: 00:00-24:00; Ср: 00:00-24:00; Чт: 00:00-24:00; Пт: 00:00-24:00; Сб: 00:00-24:00; Вс: 00:00-24:00,+03:00,4.4,58,88332328641,,,kleopatrasauna43@yandex.ru,http://sauna-kleopatra.ru,,https://vk.com/kleopatra_sauna,https://wa.me/79642566666,viber://chat/?number=79642566666,https://t.me/+79642566666,,58.580903,49.644427,https://2gis.com/firm/70000001019470024
Gold,оздоровительный центр,Бани / Сауны,"Производственная улица, 45",1 этаж,610035,,Ленинский район,Киров,Киров городской округ,Кировская область,Россия,Пн: 00:00-24:00; Вт: 00:00-24:00; Ср: 00:00-24:00; Чт: 00:00-24:00; Пт: 00:00-24:00; Сб: 00:00-24:00; Вс: 00:00-24:00,+03:00,5.0,5,88332457745,,,gold_spa@mail.ru,http://gold-proizvodstvennaja-ulitsa.clients.site,,https://vk.com/saunagold,,,https://t.me/sauna_gold,,58.563185,49.608157,https://2gis.com/firm/70000001027203242
SUKNO,банный клуб,Бани / Сауны,"Пристанская улица, 1 к1","1, 2 этаж",610020,Исторический центр,Первомайский район,Киров,Киров городской округ,Кировская область,Россия,Пн: 00:00-24:00; Вт: 00:00-24:00; Ср: 00:00-24:00; Чт: 00:00-24:00; Пт: 00:00-24:00; Сб: 00:00-24:00; Вс: 00:00-24:00,+03:00,4.7,9,88332383890,89823883890,,,,,https://vk.com/sukno_kirov,https://wa.me/79823883890,viber://chat/?number=79823883890,,,58.608272,49.689373,https://2gis.com/firm/70000001056851725
Посейдон,сауна,Бани / Сауны,"Производственная улица, 29а",,610035,,Ленинский район,Киров,Киров городской округ,Кировская область,Россия,Пн: 00:00-24:00; Вт: 00:00-24:00; Ср: 00:00-24:00; Чт: 00:00-24:00; Пт: 00:00-24:00; Сб: 00:00-24:00; Вс: 00:00-24:00,+03:00,4.2,13,88332704409,,,,,,https://vk.com/poseidonkirov,,,,,58.574823,49.607525,https://2gis.com/firm/8163302605591384
Черепаха,банно-оздоровительный комплекс,Бани / Сауны,"улица Менделеева, 11",цокольный этаж,610050,Красная горка м-н,Октябрьский район,Киров,Киров городской округ,Кировская область,Россия,Пн: 00:00-24:00; Вт: 00:00-24:00; Ср: 00:00-24:00; Чт: 00:00-24:00; Пт: 00:00-24:00; Сб: 00:00-24:00; Вс: 00:00-24:00,+03:00,3.0,4,89127348914,88332448914,,,,,,https://wa.me/79123748914,viber://chat/?number=79123748914,,,58.607098,49.596671,https://2gis.com/firm/8163302605613228
Море парк,термально-оздоровительный комплекс,Бани / Сауны; Бассейны; Фитнес-клубы; Занятия по аквааэробике; Тренажёрные залы; Спортивные секции,"улица Некрасова, 49",,610035,Дружба м-н,Ленинский район,Киров,Киров городской округ,Кировская область,Россия,Пн: 06:00-22:00; Вт: 06:00-22:00; Ср: 06:00-22:00; Чт: 06:00-22:00; Пт: 06:00-22:00; Сб: 08:00-22:00; Вс: 08:00-22:00,+03:00,3.6,118,88332444999,,,sale@parkmore.ru,http://parkmore.ru,,https://vk.com/more_park_kirov,,,,,58.582702,49.631701,https://2gis.com/firm/70000001038160274
Sky,гостиничный комплекс,Гостиницы; Бани / Сауны,"Луганская улица, 49/2",,610044,СНТ Шинник,Октябрьский район,Киров,Киров городской округ,Кировская область,Россия,Пн: 00:00-24:00; Вт: 00:00-24:00; Ср: 00:00-24:00; Чт: 00:00-24:00; Пт: 00:00-24:00; Сб: 00:00-24:00; Вс: 00:00-24:00,+03:00,4.0,6,88332753293,,,,,,,,,,,58.624421,49.604068,https://2gis.com/firm/8163303606078336
Сауна для друзей,оздоровительный центр,Бани / Сауны,"улица Романа Ердякова, 14а",,610046,,Октябрьский район,Киров,Киров городской округ,Кировская область,Россия,Пн: 00:00-24:00; Вт: 00:00-24:00; Ср: 00:00-24:00; Чт: 00:00-24:00; Пт: 00:00-24:00; Сб: 00:00-24:00; Вс: 00:00-24:00,+03:00,4.0,2,88332527210,88332530053,88332472861,,,,,https://wa.me/79128262861,,,,58.607851,49.636754,https://2gis.com/firm/8163302605588687
Шикадам,сауна,Бани / Сауны,"2-й Кирпичный переулок, 2а",1 этаж,610046,,Октябрьский район,Киров,Киров городской округ,Кировская область,Россия,Пн: 00:00-24:00; Вт: 00:00-24:00; Ср: 00:00-24:00; Чт: 00:00-24:00; Пт: 00:00-24:00; Сб: 00:00-24:00; Вс: 00:00-24:00,+03:00,4.8,31,88332535302,89127191966 (директор),,,,,https://vk.com/sauna.shikadam,,,,,58.609573,49.633807,https://2gis.com/firm/8163302605711737
Marmara,SPA-комплекс,SPA-процедуры; Бани / Сауны; Услуги массажиста; Бассейны,"улица Герцена, 88/2",1 этаж,610046,,Ленинский район,Киров,Киров городской округ,Кировская область,Россия,Пн: 08:00-23:00; Вт: 08:00-23:00; Ср: 08:00-23:00; Чт: 08:00-23:00; Пт: 08:00-23:00; Сб: 08:00-23:00; Вс: 08:00-23:00,+03:00,3.3,34,88332295454,89127055050,,,http://marmara-spa.com,,https://vk.com/marmaraspakirov,https://wa.me/79127055050,viber://chat/?number=79127055050,,,58.599543,49.644851,https://2gis.com/firm/70000001019485746
Вятские бани,общественная баня,Бани / Сауны,"улица Ленина, 170Б",,610007,Зональный м-н,Ленинский район,Киров,Киров городской округ,Кировская область,Россия,Пн: 10:00-22:00; Вт: 10:00-22:00; Ср: 10:00-22:00; Чт: 10:00-22:00; Пт: 10:00-22:00; Сб: 10:00-22:00; Вс: 10:00-22:00,+03:00,3.8,27,88332449696,89127349696,,,http://вятские-бани.рф,,https://vk.com/vyatskie_bani_kirov,,,,,58.575611,49.685355,https://2gis.com/firm/70000001040716594
ГлавБани,,Бани / Сауны; Студии загара; Услуги массажиста,"улица Романа Ердякова, 50 ст1",,610042,,Октябрьский район,Киров,Киров городской округ,Кировская область,Россия,Пн: 10:00-23:00; Вт: 10:00-23:00; Ср: 10:00-23:00; Чт: 10:00-23:00; Пт: 10:00-23:00; Сб: 10:00-23:00; Вс: 10:00-23:00,+03:00,3.8,25,89195177707,,,,,,https://vk.com/club167329373,,,,,58.617373,49.633987,https://2gis.com/firm/70000001032565686
Вятские центральные бани,,Бани / Сауны,"улица Молодой Гвардии, 42в",,610017,Исторический центр,Первомайский район,Киров,Киров городской округ,Кировская область,Россия,Пн: 10:00-22:00; Вт: 10:00-22:00; Ср: 10:00-22:00; Чт: 10:00-22:00; Пт: 10:00-22:00; Сб: 10:00-22:00; Вс: 10:00-22:00,+03:00,3.8,6,88332642819,,,,,,https://vk.com/public203183757,,,,,58.598075,49.670455,https://2gis.com/firm/8163302605588061
Мыльни Вятские,семейно-оздоровительный комплекс,Бани / Сауны,"Милицейская улица, 2а/1",,610002,,Ленинский район,Киров,Киров городской округ,Кировская область,Россия,Пн: 09:00-22:00; Вт: 09:00-22:00; Ср: 09:00-22:00; Чт: 09:00-22:00; Пт: 09:00-22:00; Сб: 09:00-22:00; Вс: 09:00-22:00,+03:00,5.0,4,88332779988,,,,http://vabani.ru,,https://vk.com/vabani,,,,,58.586966,49.690224,https://2gis.com/firm/70000001017561227
Авалон,банный комплекс,Бани / Сауны,"Заводская улица, 1/1",1 этаж,610004,,Октябрьский район,Киров,Киров городской округ,Кировская область,Россия,Пн: 00:00-24:00; Вт: 00:00-24:00; Ср: 00:00-24:00; Чт: 00:00-24:00; Пт: 00:00-24:00; Сб: 00:00-24:00; Вс: 00:00-24:00,+03:00,4.6,64,88332751503,,,,http://сауна-авалон.рф,,https://vk.com/avalon43,,,,,58.629997,49.668687,https://2gis.com/firm/70000001007542783
Pena,клуб-сауна,Бани / Сауны,"Хлебозаводской проезд, 5","1, 3 этаж",610046,,Ленинский район,Киров,Киров городской округ,Кировская область,Россия,Пн: 00:00-24:00; Вт: 00:00-24:00; Ср: 00:00-24:00; Чт: 00:00-24:00; Пт: 00:00-24:00; Сб: 00:00-24:00; Вс: 00:00-24:00,+03:00,4.4,24,88332228282,89195282105,,,http://kirovsauna.ru,,,,,,,58.600698,49.642966,https://2gis.com/firm/70000001017991799
Парус,банный комплекс,Бани / Сауны,"Московская улица, 4",цокольный этаж,610020,Исторический центр,Первомайский район,Киров,Киров городской округ,Кировская область,Россия,Пн: 15:00-08:00; Вт: 15:00-08:00; Ср: 15:00-08:00; Чт: 15:00-08:00; Пт: 15:00-08:00; Сб: 00:00-24:00; Вс: 00:00-24:00,+03:00,4.2,19,88332247094,,,,,,https://vk.com/banyaparus,,,,,58.6035,49.682727,https://2gis.com/firm/70000001006494259
Латунские бани,подразделение Северные бани,Бани / Сауны,"Профсоюзная улица, 44",2 этаж,610004,Исторический центр,Первомайский район,Киров,Киров городской округ,Кировская область,Россия,Чт: 12:00-21:00; Пт: 12:00-21:00; Сб: 12:00-21:00; Вс: 12:00-21:00 (касса: чт-вс 11:45-20:00),+03:00,,,88332641937,,,,http://latunka.ru,,,,,,,58.614904,49.67416,https://2gis.com/firm/8163302605611072
Венеция,сауна,Бани / Сауны,"Рейдовая улица, 19а",,610007,Вересники м-н,Ленинский район,Киров,Киров городской округ,Кировская область,Россия,Пн: 00:00-24:00; Вт: 00:00-24:00; Ср: 00:00-24:00; Чт: 00:00-24:00; Пт: 00:00-24:00; Сб: 00:00-24:00; Вс: 00:00-24:00,+03:00,4.5,19,88332559333,89127107555,,,,,https://vk.com/public208378181,https://wa.me/79127107555,,,,58.576391,49.694877,https://2gis.com/firm/8163302605587683
Соль,спа-сауна,Бани / Сауны,"Пролетарская улица, 43а",цокольный этаж,610027,,Ленинский район,Киров,Киров городской округ,Кировская область,Россия,Пн: 00:00-24:00; Вт: 00:00-24:00; Ср: 00:00-24:00; Чт: 00:00-24:00; Пт: 00:00-24:00; Сб: 00:00-24:00; Вс: 00:00-24:00,+03:00,4.5,20,88332376622,88332228283,89123685997,,http://kirovsauna.ru,,,,,,,58.590187,49.667706,https://2gis.com/firm/70000001019468292
Усадьба Хлыновская,семейный оздоровительный центр,SPA-процедуры; Бани / Сауны; Услуги массажиста; Эпиляция,"улица Блюхера, 2/2а",,610002,,Ленинский район,Киров,Киров городской округ,Кировская область,Россия,Пн: 09:00-22:00; Вт: 09:00-22:00; Ср: 09:00-22:00; Чт: 09:00-22:00; Пт: 09:00-22:00; Сб: 09:00-22:00; Вс: 09:00-22:00 (по предварительной записи: пн-вс),+03:00,2.8,4,88332377101,,,,http://usadbahlynov.ru,,https://vk.com/usadbahlynov43,,,,,58.585769,49.690033,https://2gis.com/firm/8163302605592900
Озеро Келейное,усадьба,Базы отдыха; Бани / Сауны; Банкетные залы; Спортивно-тактические клубы; Организация и проведение праздников,"территория Озеро Келейное, 16",,610029,,,Киров,Киров городской округ,Кировская область,Россия,Пн: 00:00-24:00; Вт: 00:00-24:00; Ср: 00:00-24:00; Чт: 00:00-24:00; Пт: 00:00-24:00; Сб: 00:00-24:00; Вс: 00:00-24:00,+03:00,5.0,2,88332451435,89091352898,89229951435,,,,https://vk.com/keleynoe43,,,,,58.646447,49.506371,https://2gis.com/firm/70000001036679440
Распутин,сауна,Бани / Сауны; Аренда беседок,"Пристанская улица, 1 к1","1, 2 этаж",610020,Исторический центр,Первомайский район,Киров,Киров городской округ,Кировская область,Россия,Пн: 00:00-24:00; Вт: 00:00-24:00; Ср: 00:00-24:00; Чт: 00:00-24:00; Пт: 00:00-24:00; Сб: 00:00-24:00; Вс: 00:00-24:00,+03:00,5.0,129,88332383809,88332328832,,,http://мужские-сауны.рф/?s=rasputin,,https://vk.com/sauna_rai_kirov,,viber://chat/?number=79531367037,,,58.608691,49.689007,https://2gis.com/firm/70000001006369272
Осьминог,сауна,Бани / Сауны,"улица Романа Ердякова, 42а/1",,610046,,Октябрьский район,Киров,Киров городской округ,Кировская область,Россия,Пн: 00:00-24:00; Вт: 00:00-24:00; Ср: 00:00-24:00; Чт: 00:00-24:00; Пт: 00:00-24:00; Сб: 00:00-24:00; Вс: 00:00-24:00,+03:00,3.4,5,88332530293,,,,http://sauna43.ru,,,,,,,58.615499,49.636512,https://2gis.com/firm/8163302605586740
Сельмашевские бани,банный комплекс,Бани / Сауны,"улица Грибоедова, 15",,610014,Дружба м-н,Ленинский район,Киров,Киров городской округ,Кировская область,Россия,Пн: 09:00-22:00; Вт: 09:00-22:00; Ср: 09:00-22:00; Чт: 09:00-22:00; Пт: 09:00-22:00; Сб: 09:00-22:00; Вс: 09:00-22:00 (касса: пн-вс 9:00-20:00),+03:00,3.0,11,88332220737,,,,http://selbani.ru,,,,,,,58.581538,49.620505,https://2gis.com/firm/8163302605587437
Praga,,Гостиницы; Бани / Сауны,"улица Щорса, 68/2",1 этаж,610035,,Ленинский район,Киров,Киров городской округ,Кировская область,Россия,Пн: 00:00-24:00; Вт: 00:00-24:00; Ср: 00:00-24:00; Чт: 00:00-24:00; Пт: 00:00-24:00; Сб: 00:00-24:00; Вс: 00:00-24:00,+03:00,4.2,5,88332449191,,,,,,https://vk.com/praga95,,,,,58.57728,49.592079,https://2gis.com/firm/70000001020708328
А1,сауна,Бани / Сауны,"Луганская улица, 49/4",,610044,,Октябрьский район,Киров,Киров городской округ,Кировская область,Россия,Пн: 00:00-24:00; Вт: 00:00-24:00; Ср: 00:00-24:00; Чт: 00:00-24:00; Пт: 00:00-24:00; Сб: 00:00-24:00; Вс: 00:00-24:00,+03:00,4.6,5,88332420307,,,,http://a1sauna.ru,,https://vk.com/a1sauna,,,,,58.622524,49.601719,https://2gis.com/firm/70000001040571795
Эра-прим,сауна,Бани / Сауны,"улица Свободы, 95",цокольный этаж,610002,Исторический центр,Первомайский район,Киров,Киров городской округ,Кировская область,Россия,Пн: 00:00-24:00; Вт: 00:00-24:00; Ср: 00:00-24:00; Чт: 00:00-24:00; Пт: 00:00-24:00; Сб: 00:00-24:00; Вс: 00:00-24:00,+03:00,5.0,5,88332383867,89128222708,,,,,https://vk.com/eraprim,https://wa.me/79128222708,,,,58.597763,49.676775,https://2gis.com/firm/8163302605593443
Гольфстрим,сауна,Бани / Сауны,"улица Романа Ердякова, 42а/8",,610046,,Октябрьский район,Киров,Киров городской округ,Кировская область,Россия,Пн: 00:00-24:00; Вт: 00:00-24:00; Ср: 00:00-24:00; Чт: 00:00-24:00; Пт: 00:00-24:00; Сб: 00:00-24:00; Вс: 00:00-24:00,+03:00,2.6,5,88332533853,89536777766,,,,,https://vk.com/saunagulfstream,,,,,58.614695,49.640221,https://2gis.com/firm/8163302605588262
Черная Жемчужина,оздоровительный центр,Бани / Сауны,"улица Лепсе, 62",,610033,,Октябрьский район,Киров,Киров городской округ,Кировская область,Россия,Пн: 00:00-24:00; Вт: 00:00-24:00; Ср: 00:00-24:00; Чт: 00:00-24:00; Пт: 00:00-24:00; Сб: 00:00-24:00; Вс: 00:00-24:00,+03:00,2.8,4,88332538090,88332799080,89014799080,,,,https://vk.com/sauna43rus,,,,,58.607986,49.615412,https://2gis.com/firm/8163302605593229
Латунские бани,подразделение Южные бани,Бани / Сауны,"Пролетарская улица, 17",2 этаж,610002,Исторический центр,Первомайский район,Киров,Киров городской округ,Кировская область,Россия,"Чт: 11:00-21:00; Пт: 11:00-21:00; Сб: 11:00-22:00; Вс: 11:00-22:00 (мужские дни: чт, сб; женские дни: пт, вс)",+03:00,5.0,1,88332671411,,,,http://latunka.ru,,,,,,,58.589757,49.676926,https://2gis.com/firm/8163302605611071
Атлантида,сауна,Бани / Сауны,"улица Романа Ердякова, 42",1 этаж,610046,,Октябрьский район,Киров,Киров городской округ,Кировская область,Россия,Пн: 00:00-24:00; Вт: 00:00-24:00; Ср: 00:00-24:00; Чт: 00:00-24:00; Пт: 00:00-24:00; Сб: 00:00-24:00; Вс: 00:00-24:00,+03:00,4.5,2,88332531414,,,,,,,,,,,58.616397,49.636139,https://2gis.com/firm/8163302605674142
Славная,база отдыха,Базы отдыха; Бани / Сауны; Банкетные залы; Лыжные базы / Горнолыжные комплексы; Прокат спортивного инвентаря / техники,"деревня Катковы, 1/1",,610912,,,,Киров городской округ,Кировская область,Россия,Пн: 00:00-24:00; Вт: 00:00-24:00; Ср: 00:00-24:00; Чт: 00:00-24:00; Пт: 00:00-24:00; Сб: 00:00-24:00; Вс: 00:00-24:00,+03:00,2.8,9,89539471547,,,,http://travellers-lodge-597.business.site,,https://vk.com/bo_slavnaya,,,,,58.566404,49.536835,https://2gis.com/firm/70000001034355974
Два кита,сауна,Бани / Сауны,"Широковская улица, 28а",,610047,,Октябрьский район,Киров,Киров городской округ,Кировская область,Россия,Пн: 00:00-24:00; Вт: 00:00-24:00; Ср: 00:00-24:00; Чт: 00:00-24:00; Пт: 00:00-24:00; Сб: 00:00-24:00; Вс: 00:00-24:00,+03:00,5.0,2,88332789200,,,,,,,,,,,58.636576,49.58921,https://2gis.com/firm/8163302605588391
Fishka,сауна,Бани / Сауны,"Московская улица, 158",цокольный этаж,610048,Юго-Запад м-н,Ленинский район,Киров,Киров городской округ,Кировская область,Россия,Пн: 00:00-24:00; Вт: 00:00-24:00; Ср: 00:00-24:00; Чт: 00:00-24:00; Пт: 00:00-24:00; Сб: 00:00-24:00; Вс: 00:00-24:00,+03:00,4.1,10,88332262030,,,,,,https://vk.com/club202374363,,,,,58.601303,49.58914,https://2gis.com/firm/8163303606105150
Пятница,сауна,Бани / Сауны,"Луганская улица, 49/5",1 этаж,610044,,Октябрьский район,Киров,Киров городской округ,Кировская область,Россия,Пн: 00:00-24:00; Вт: 00:00-24:00; Ср: 00:00-24:00; Чт: 00:00-24:00; Пт: 00:00-24:00; Сб: 00:00-24:00; Вс: 00:00-24:00 (по предварительной записи: пн-вс),+03:00,3.9,11,88332420422,89229820422,,,,,https://vk.com/saunafriday,,,,,58.623044,49.600365,https://2gis.com/firm/8163303605989746
Штурвал,сауна,Бани / Сауны,"Орловская улица, 37",цокольный этаж,610002,Исторический центр,Первомайский район,Киров,Киров городской округ,Кировская область,Россия,Пн: 00:00-24:00; Вт: 00:00-24:00; Ср: 00:00-24:00; Чт: 00:00-24:00; Пт: 00:00-24:00; Сб: 00:00-24:00; Вс: 00:00-24:00,+03:00,4.9,16,89229425550,88332420550,,,http://vk.link/sauna.shturval,,https://vk.com/sauna.shturval,https://wa.me/79229425550,viber://chat/?number=79229425550,https://t.me/sauna_shturval,,58.59648,49.674822,https://2gis.com/firm/70000001019468049
Сосновый,парк семейного отдыха,Базы отдыха; Бани / Сауны; Аренда беседок,"Новая улица, 2а",,610914,,,,Киров городской округ,Кировская область,Россия,Пн: 00:00-24:00; Вт: 00:00-24:00; Ср: 00:00-24:00; Чт: 00:00-24:00; Пт: 00:00-24:00; Сб: 00:00-24:00; Вс: 00:00-24:00,+03:00,4.5,6,88332467312,88332262312,,,,,https://vk.com/baza312,,,,,58.64998,49.433283,https://2gis.com/firm/70000001021118953
Семейная баня на дровах,,Бани / Сауны,"улица Гоголя, 16",,610025,Вахрино м-н,Ленинский район,Киров,Киров городской округ,Кировская область,Россия,Пн: 08:00-24:00; Вт: 08:00-24:00; Ср: 08:00-24:00; Чт: 08:00-24:00; Пт: 08:00-24:00; Сб: 08:00-24:00; Вс: 08:00-24:00 (по предварительной записи: пн-вс),+03:00,5.0,4,89229492030,,,,,,https://vk.com/id752494922,https://wa.me/79229492030,viber://chat/?number=79229492030,https://t.me/+79229492030,,58.551618,49.660271,https://2gis.com/firm/70000001065254426
Баня на дровах в Ганино,,Бани / Сауны,"Западная улица, 11",,610029,,,,Киров городской округ,Кировская область,Россия,Пн: 08:00-22:00; Вт: 08:00-22:00; Ср: 08:00-22:00; Чт: 08:00-22:00; Пт: 08:00-22:00; Сб: 08:00-22:00; Вс: 08:00-22:00,+03:00,4.4,9,88332478511,,,,http://banya-ganino.jimdo.com,,,,,,,58.645626,49.55021,https://2gis.com/firm/8163302605753349
Контраст,база отдыха,Базы отдыха; Аренда беседок; Бани / Сауны,"Лучистая улица, 1",,610912,,,,Киров городской округ,Кировская область,Россия,Пн: 00:00-24:00; Вт: 00:00-24:00; Ср: 00:00-24:00; Чт: 00:00-24:00; Пт: 00:00-24:00; Сб: 00:00-24:00; Вс: 00:00-24:00,+03:00,3.7,18,88332785466,,,,,,https://vk.com/kontrast43,,,,,58.548419,49.490215,https://2gis.com/firm/8163302605596363
Мармарис,банный комплекс,Бани / Сауны,"улица Лепсе, 24",1 этаж,610042,,Октябрьский район,Киров,Киров городской округ,Кировская область,Россия,Пн: 10:00-24:00; Вт: 10:00-24:00; Ср: 10:00-24:00; Чт: 10:00-24:00; Пт: 10:00-24:00; Сб: 10:00-24:00; Вс: 10:00-24:00,+03:00,,,88332452026,,,,,,https://vk.com/marmaris43,,,,,58.618248,49.633012,https://2gis.com/firm/8163302605623435
Banana,сауна,Бани / Сауны; Аренда беседок,"Заводская улица, 47Б",1 этаж,610004,,Первомайский район,Киров,Киров городской округ,Кировская область,Россия,Пн: 00:00-24:00; Вт: 00:00-24:00; Ср: 00:00-24:00; Чт: 00:00-24:00; Пт: 00:00-24:00; Сб: 00:00-24:00; Вс: 00:00-24:00,+03:00,4.2,6,88332267516,88332430130,89823830130,,,,https://vk.com/banana43,,,,,58.620164,49.682728,https://2gis.com/firm/70000001018717124
Plaza,гостиница,Гостиницы; Бани / Сауны,"Троллейбусный переулок, 14",,610006,,Октябрьский район,Киров,Киров городской округ,Кировская область,Россия,Пн: 00:00-24:00; Вт: 00:00-24:00; Ср: 00:00-24:00; Чт: 00:00-24:00; Пт: 00:00-24:00; Сб: 00:00-24:00; Вс: 00:00-24:00,+03:00,3.7,3,88332755555,,,,,,https://vk.com/id228009550,,,,,58.619109,49.654193,https://2gis.com/firm/8163303606066407
Домик-гриль,,Бани / Сауны; Аренда беседок,"улица Слобода Лянгасы, 64а",,610047,сл. Лянгасы,Октябрьский район,Киров,Киров городской округ,Кировская область,Россия,,+03:00,3.0,2,89226683974,,,,,,https://vk.com/domikgrill,https://wa.me/79226683974,viber://chat/?number=79226683974,,,58.638795,49.568336,https://2gis.com/firm/70000001052912965
Аквелия,сауна,Бани / Сауны,"Семаковская улица, 41а",,610004,,Первомайский район,Киров,Киров городской округ,Кировская область,Россия,Пн: 00:00-24:00; Вт: 00:00-24:00; Ср: 00:00-24:00; Чт: 00:00-24:00; Пт: 00:00-24:00; Сб: 00:00-24:00; Вс: 00:00-24:00,+03:00,4.4,31,89229520520,88332777275,,,http://sauna-akvelia.ru,,https://vk.com/club204993916,https://wa.me/79229520520,viber://chat/?number=79229520520,https://t.me/+79229520520,,58.622486,49.663287,https://2gis.com/firm/70000001055786784
Коминтерновская,общественная баня,Бани / Сауны,"Пионерская улица, 13",,610030,Коминтерн м-н,Первомайский район,Киров,Киров городской округ,Кировская область,Россия,Пн: 12:00-22:00; Вт: 08:00-22:00; Ср: 08:00-22:00; Чт: 08:00-22:00; Пт: 08:00-22:00; Сб: 08:00-22:00; Вс: 08:00-22:00,+03:00,3.7,3,88332459191,,,,,,https://vk.com/banya_kominternovskaya,,,,,58.644648,49.735797,https://2gis.com/firm/70000001036060738
Зелёная крыша,база отдыха,Базы отдыха; Бани / Сауны; Аренда беседок; Банкетные залы,"Царегородская улица, 11",,610912,,,,Киров городской округ,Кировская область,Россия,Пн: 00:00-24:00; Вт: 00:00-24:00; Ср: 00:00-24:00; Чт: 00:00-24:00; Пт: 00:00-24:00; Сб: 00:00-24:00; Вс: 00:00-24:00,+03:00,2.3,3,88332440002,,,,http://relax-kirov.ru,,,,,,,58.583032,49.515213,https://2gis.com/firm/8163302605596154
Ниагара,оздоровительный центр,Бани / Сауны,"улица Володарского, 135",цокольный этаж,610017,Исторический центр,Первомайский район,Киров,Киров городской округ,Кировская область,Россия,Пн: 00:00-24:00; Вт: 00:00-24:00; Ср: 00:00-24:00; Чт: 00:00-24:00; Пт: 00:00-24:00; Сб: 00:00-24:00; Вс: 00:00-24:00,+03:00,5.0,5,89229751415,88332751415,,,,,https://vk.com/saunaniagara,https://wa.me/79229751415,viber://chat/?number=79229751415,https://t.me/saunaniagara,,58.596944,49.672731,https://2gis.com/firm/8163303606105619
Бани у Сани,банный комплекс,Бани / Сауны,"территория СТ Железнодорожник-Радужный, 27",,,СТ Железнодорожник-Радужный,Нововятский район,Киров,Киров городской округ,Кировская область,Россия,Пн: 12:00-24:00; Вт: 12:00-24:00; Ср: 12:00-24:00; Чт: 12:00-24:00; Пт: 12:00-24:00; Сб: 12:00-24:00; Вс: 12:00-24:00,+03:00,4.0,7,88332758788,88332422240,89539458788,,http://бани-у-сани.рф,,,https://wa.me/79539458788,viber://chat/?number=79539458788,,,58.491854,49.647468,https://2gis.com/firm/70000001035495988
Никулёнки,база отдыха,Базы отдыха; Бани / Сауны; Аренда беседок,"деревня Никулёнки, 18Б",,610926,,,,Киров городской округ,Кировская область,Россия,Пн: 00:00-24:00; Вт: 00:00-24:00; Ср: 00:00-24:00; Чт: 00:00-24:00; Пт: 00:00-24:00; Сб: 00:00-24:00; Вс: 00:00-24:00,+03:00,,,88332492173,89226612173,,,,,https://vk.com/nikulenki43,https://wa.me/79226612173,,,,58.530192,49.609555,https://2gis.com/firm/70000001041252395
Агат,сауна,Бани / Сауны,"Стахановская улица, 31",1 этаж,610047,ОЦМ м-н,Октябрьский район,Киров,Киров городской округ,Кировская область,Россия,Пн: 00:00-24:00; Вт: 00:00-24:00; Ср: 00:00-24:00; Чт: 00:00-24:00; Пт: 00:00-24:00; Сб: 00:00-24:00; Вс: 00:00-24:00,+03:00,3.7,6,88332439898,,,,,,https://vk.com/agatkirov,https://wa.me/78332439898,viber://chat/?number=78332439898,,,58.630278,49.622161,https://2gis.com/firm/70000001022720206
Народная,сауна,Бани / Сауны,"Загородная улица, 3/1",2 этаж,610046,,Октябрьский район,Киров,Киров городской округ,Кировская область,Россия,Пн: 00:00-24:00; Вт: 00:00-24:00; Ср: 00:00-24:00; Чт: 00:00-24:00; Пт: 00:00-24:00; Сб: 00:00-24:00; Вс: 00:00-24:00,+03:00,3.0,4,89005265837,,,,http://sauna-43.ru,,https://vk.com/caynanarodnaya,,,,,58.608812,49.648266,https://2gis.com/firm/70000001007339244
Сказка,семейная баня,Бани / Сауны,"улица Павла Корчагина, 19",,610030,Коминтерн м-н,Первомайский район,Киров,Киров городской округ,Кировская область,Россия,Пн: 09:00-21:00; Вт: 09:00-21:00; Ср: 09:00-21:00; Чт: 09:00-21:00; Пт: 09:00-21:00; Сб: 09:00-21:00; Вс: 09:00-21:00,+03:00,,,89005288104,,,,http://vk.link/skazkabanya200661550,,https://vk.com/skazkabanya200661550,https://wa.me/79005288104,,,,58.634049,49.734747,https://2gis.com/firm/70000001047739808
Дружбаня,сауна,Бани / Сауны,"улица Щорса, 23а",,610014,Дружба м-н,Ленинский район,Киров,Киров городской округ,Кировская область,Россия,Пн: 00:00-24:00; Вт: 00:00-24:00; Ср: 00:00-24:00; Чт: 00:00-24:00; Пт: 00:00-24:00; Сб: 00:00-24:00; Вс: 00:00-24:00,+03:00,2.0,6,88332777759,,,,,,https://vk.com/saunawomen,,,,,58.578028,49.634131,https://2gis.com/firm/8163302605588806
У танка,сауна,Бани / Сауны,"Октябрьский проспект, 93а",,610005,,Октябрьский район,Киров,Киров городской округ,Кировская область,Россия,Пн: 00:00-24:00; Вт: 00:00-24:00; Ср: 00:00-24:00; Чт: 00:00-24:00; Пт: 00:00-24:00; Сб: 00:00-24:00; Вс: 00:00-24:00,+03:00,3.0,4,88332776477,89229776477,,,,,https://vk.com/saunautanka,,,,,58.615463,49.654127,https://2gis.com/firm/8163302605592784
7 Холмов,баня,Бани / Сауны,"улица Молодой Гвардии, 84г",цокольный этаж,610017,,Ленинский район,Киров,Киров городской округ,Кировская область,Россия,Пн: 00:00-24:00; Вт: 00:00-24:00; Ср: 00:00-24:00; Чт: 00:00-24:00; Пт: 00:00-24:00; Сб: 00:00-24:00; Вс: 00:00-24:00,+03:00,1.0,1,88332547133,,,,http://7-holmov.ru,,https://vk.com/club73158436,,,,,58.597191,49.652258,https://2gis.com/firm/70000001066780637
Пингвин,сауна,Бани / Сауны,"улица Бородулина, 2в",1 этаж,610025,Новый м-н,Ленинский район,Киров,Киров городской округ,Кировская область,Россия,Пн: 00:00-24:00; Вт: 00:00-24:00; Ср: 00:00-24:00; Чт: 00:00-24:00; Пт: 00:00-24:00; Сб: 00:00-24:00; Вс: 00:00-24:00,+03:00,3.7,3,88332780794,88332670965,,,,,,,,,,58.579412,49.665672,https://2gis.com/firm/8163302605673659
Латунские бани,подразделение Западные бани,Бани / Сауны,"улица Менделеева, 13",,610050,Красная горка м-н,Октябрьский район,Киров,Киров городской округ,Кировская область,Россия,"Ср: 10:00-21:00; Чт: 10:00-21:00; Пт: 10:00-21:00; Сб: 10:00-21:00; Вс: 10:00-21:00 (мужские дни: ср, пт, вс; женские дни: чт, сб; касса: ср-пт 09:45-20:00; сб-вс 09:45-20:00)",+03:00,4.0,1,88332517883,,,,http://latunka.ru,,,,,,,58.606052,49.602021,https://2gis.com/firm/8163302605588973
Ленивец,спортивно-банный центр,Бани / Сауны; Базы отдыха,"дорога Порошино-Сидоровка, баня",,,,,Киров,Киров городской округ,Кировская область,Россия,Пн: 00:00-24:00; Вт: 00:00-24:00; Ср: 00:00-24:00; Чт: 00:00-24:00; Пт: 00:00-24:00; Сб: 00:00-24:00; Вс: 00:00-24:00,+03:00,,,88332472090,89128272090,,,,,https://vk.com/banya_lenivec_kirov,https://wa.me/79128272090,,,,58.582019,49.808958,https://2gis.com/firm/70000001035652288
Барская изба,,Бани / Сауны; Аренда коттеджей / гостевых домов,"деревня Сватково, 15а",,610926,,,,Киров городской округ,Кировская область,Россия,Пн: 00:00-24:00; Вт: 00:00-24:00; Ср: 00:00-24:00; Чт: 00:00-24:00; Пт: 00:00-24:00; Сб: 00:00-24:00; Вс: 00:00-24:00,+03:00,,,88332784070,89226684070,89539487540,,,,https://vk.com/club216526549,,,,,58.536309,49.603977,https://2gis.com/firm/70000001006967402
Сауна,,Бани / Сауны,"улица Молодой Гвардии, 42в",1 этаж,610017,Исторический центр,Первомайский район,Киров,Киров городской округ,Кировская область,Россия,Пн: 11:00-23:00; Вт: 11:00-23:00; Ср: 11:00-23:00; Чт: 11:00-23:00; Пт: 11:00-23:00; Сб: 11:00-23:00; Вс: 11:00-23:00 (касса: вт-вс 11:00-20:00),+03:00,,,88332492901,,,,,,,,,,,58.597967,49.670949,https://2gis.com/firm/70000001018447971
Липовая банька на дровах,,Бани / Сауны,"Утренняя улица, 4",,610029,,,,Киров городской округ,Кировская область,Россия,Пн: 00:00-24:00; Вт: 00:00-24:00; Ср: 00:00-24:00; Чт: 00:00-24:00; Пт: 00:00-24:00; Сб: 00:00-24:00; Вс: 00:00-24:00,+03:00,2.7,3,88332757432,89127019151,89539457432,,http://757432.ru,,,https://wa.me/79539457432,,,,58.654314,49.553625,https://2gis.com/firm/70000001019466183
Царь Баня,база отдыха,Базы отдыха; Бани / Сауны,"Новая улица, 14",,613118,,,,Слободской район,Кировская область,Россия,Пн: 00:00-24:00; Вт: 00:00-24:00; Ср: 00:00-24:00; Чт: 00:00-24:00; Пт: 00:00-24:00; Сб: 00:00-24:00; Вс: 00:00-24:00,+03:00,5.0,2,88332450557,,,,,,https://vk.com/tzarbanya,https://wa.me/79229659697,,,,58.631655,49.812622,https://2gis.com/firm/70000001024684676
Макарьевские бани,сауна,Бани / Сауны,"Макарьевская улица, 4",,610018,сл. Макарье,Первомайский район,Киров,Киров городской округ,Кировская область,Россия,Пн: 00:00-24:00; Вт: 00:00-24:00; Ср: 00:00-24:00; Чт: 00:00-24:00; Пт: 00:00-24:00; Сб: 00:00-24:00; Вс: 00:00-24:00,+03:00,5.0,1,88332402440,,,,,,,,,,,58.611545,49.744787,https://2gis.com/firm/8163302605590285
Перестройка,сауна,Бани / Сауны,"Производственная улица, 29/1",1 этаж,610035,,Ленинский район,Киров,Киров городской округ,Кировская область,Россия,Пн: 00:00-24:00; Вт: 00:00-24:00; Ср: 00:00-24:00; Чт: 00:00-24:00; Пт: 00:00-24:00; Сб: 00:00-24:00; Вс: 00:00-24:00,+03:00,4.0,2,88332704645,,,,,,https://vk.com/club191848731,,,,,58.574346,49.608596,https://2gis.com/firm/8163302605591260
Престиж,сауна,Бани / Сауны,"Пристанская улица, 1 к3",1 этаж,610020,Исторический центр,Первомайский район,Киров,Киров городской округ,Кировская область,Россия,Пн: 00:00-24:00; Вт: 00:00-24:00; Ср: 00:00-24:00; Чт: 00:00-24:00; Пт: 00:00-24:00; Сб: 00:00-24:00; Вс: 00:00-24:00,+03:00,3.0,1,88332353361,,,,,,https://vk.com/sauna_prestig,,,,,58.607471,49.689791,https://2gis.com/firm/8163302605591418
Баунти,сауна,Бани / Сауны,"улица Сурикова, 27",вход со двора; между первым и втором подъездом,610014,Дружба м-н,Ленинский район,Киров,Киров городской округ,Кировская область,Россия,Пн: 00:00-24:00; Вт: 00:00-24:00; Ср: 00:00-24:00; Чт: 00:00-24:00; Пт: 00:00-24:00; Сб: 00:00-24:00; Вс: 00:00-24:00,+03:00,5.0,22,89229220996,,,,,,https://vk.com/sauna_baynty_kirov,https://wa.me/79229220996,viber://chat/?number=79229220996,https://t.me/+79229220996,,58.581567,49.637478,https://2gis.com/firm/70000001027009551
Латунские бани,подразделение Бани ОЦМ,Бани / Сауны,"переулок Дружбы, 6",1 этаж,610016,ОЦМ м-н,Октябрьский район,Киров,Киров городской округ,Кировская область,Россия,"Чт: 12:00-21:00; Пт: 12:00-21:00; Сб: 12:00-21:00; Вс: 12:00-21:00 (касса: пт-вс 11:45-19:30; мужские дни: пт, вс; женские дни: чт, сб)",+03:00,5.0,1,88332231647,,,,http://latunka.ru,,,,,,,58.63554,49.62559,https://2gis.com/firm/8163302605611070
Дельфин,сауна,Бани / Сауны,"улица Бородулина, 2/1",,610025,Новый м-н,Ленинский район,Киров,Киров городской округ,Кировская область,Россия,Пн: 00:00-24:00; Вт: 00:00-24:00; Ср: 00:00-24:00; Чт: 00:00-24:00; Пт: 00:00-24:00; Сб: 00:00-24:00; Вс: 00:00-24:00,+03:00,3.0,3,88332372080,88332780794,,,,,,,,,,58.580104,49.665249,https://2gis.com/firm/8163302605588440
Ульяна,оздоровительный центр,Бани / Сауны,"Ульяновская улица, 2/1",цокольный этаж,610050,Красная горка м-н,Октябрьский район,Киров,Киров городской округ,Кировская область,Россия,Пн: 00:00-24:00; Вт: 00:00-24:00; Ср: 00:00-24:00; Чт: 00:00-24:00; Пт: 00:00-24:00; Сб: 00:00-24:00; Вс: 00:00-24:00,+03:00,2.3,4,88332295144,88332464244,,,,,,,,,,58.605449,49.586574,https://2gis.com/firm/8163302605592804
Афродита,сауна,Бани / Сауны,"улица Молодой Гвардии, 96/1",,610035,,Ленинский район,Киров,Киров городской округ,Кировская область,Россия,Пн: 00:00-24:00; Вт: 00:00-24:00; Ср: 00:00-24:00; Чт: 00:00-24:00; Пт: 00:00-24:00; Сб: 00:00-24:00; Вс: 00:00-24:00,+03:00,1.0,2,88332543536,89229956681,,,,,,,,,,58.597643,49.646111,https://2gis.com/firm/8163302605587398
Заборье,комплекс отдыха,Базы отдыха; Бани / Сауны; Конференц-залы / Переговорные комнаты,"1 км автодороги Киров-Бобино-Сапожнята-Шунки, 1",,613117,,,,Слободской район,Кировская область,Россия,Пн: 09:00-24:00; Вт: 09:00-24:00; Ср: 09:00-24:00; Чт: 09:00-24:00; Пт: 09:00-24:00; Сб: 09:00-24:00; Вс: 09:00-24:00,+03:00,1.0,2,88332789441,88332462680,,,,,https://vk.com/zaborye462680,,,,,58.65539,49.756037,https://2gis.com/firm/70000001019489154
Динамо,сауна,Бани / Сауны,"Московская улица, 1е",,610020,Исторический центр,Первомайский район,Киров,Киров городской округ,Кировская область,Россия,Пн: 00:00-24:00; Вт: 00:00-24:00; Ср: 00:00-24:00; Чт: 00:00-24:00; Пт: 00:00-24:00; Сб: 00:00-24:00; Вс: 00:00-24:00,+03:00,3.0,1,88332358011,,,,,,,,,,,58.606384,49.686103,https://2gis.com/firm/8163302605588667
Релакс,сауна,Бани / Сауны,"Пролетарская улица, 17",1 этаж,610002,Исторический центр,Первомайский район,Киров,Киров городской округ,Кировская область,Россия,Пн: 00:00-24:00; Вт: 00:00-24:00; Ср: 00:00-24:00; Чт: 00:00-24:00; Пт: 00:00-24:00; Сб: 00:00-24:00; Вс: 00:00-24:00,+03:00,5.0,1,88332774689,88332373670,,,,,,,,,,58.589906,49.676735,https://2gis.com/firm/8163302605591761
Маяк,сауна,Бани / Сауны,"улица Молодой Гвардии, 96/1",,610035,,Ленинский район,Киров,Киров городской округ,Кировская область,Россия,Пн: 00:00-24:00; Вт: 00:00-24:00; Ср: 00:00-24:00; Чт: 00:00-24:00; Пт: 00:00-24:00; Сб: 00:00-24:00; Вс: 00:00-24:00,+03:00,1.0,1,88332458899,88332544468,,,,,,,,,,58.597641,49.645904,https://2gis.com/firm/8163302605590385
Латунские бани,подразделение Новые бани,Бани / Сауны,"улица 4 Пятилетки, 38",,610025,Новый м-н,Ленинский район,Киров,Киров городской округ,Кировская область,Россия,"Чт: 12:00-21:00; Пт: 12:00-21:00; Сб: 12:00-21:00; Вс: 12:00-21:00 (касса: чт-вс 11:45-19:30; мужские дни: пт, вс; женские дни: чт, сб)",+03:00,3.7,3,88332547309,,,,http://latunka.ru,,,,,,,58.566028,49.652268,https://2gis.com/firm/8163302605729538
Лесная сказка,загородный комплекс,Базы отдыха; Рестораны; Бани / Сауны; Аренда беседок; Кемпинги,"Лесная улица, 1",,613118,,,,Слободской район,Кировская область,Россия,Ср: 12:00-22:00; Чт: 12:00-22:00; Пт: 12:00-24:00; Сб: 12:00-24:00; Вс: 12:00-22:00,+03:00,4.8,5,88332750181,,,,http://сказкакиров.рф,,https://vk.com/restoranskazkakirov,,,,,58.603169,49.90169,https://2gis.com/firm/70000001006374692
Баня для женщин,,Бани / Сауны,"улица Сурикова, 19",1 этаж; левое крыло,610035,,Ленинский район,Киров,Киров городской округ,Кировская область,Россия,Пн: 08:00-21:00; Вт: 08:00-21:00; Ср: 08:00-21:00; Чт: 08:00-21:00; Пт: 08:00-21:00; Сб: 08:00-21:00; Вс: 08:00-21:00 (по предварительной записи: пн-вс),+03:00,,,89229030604,,,,,,https://vk.com/vdokhnovenie_zhenshchiny,https://wa.me/79229030604,viber://chat/?number=79229030604,,,58.588125,49.636351,https://2gis.com/firm/70000001056729019
Латунские бани,подразделение Нововятские бани,Бани / Сауны,"улица Орджоникидзе, 1",,610008,,Нововятский район,Киров,Киров городской округ,Кировская область,Россия,Пт: 13:00-22:00; Сб: 11:00-22:00; Вс: 11:00-22:00,+03:00,4.0,1,88332706347,,,,http://latunka.ru,,,,,,,58.509259,49.694726,https://2gis.com/firm/8163302605611073
Нева,сауна,Бани / Сауны,"переулок Дружбы, 6а",,610016,ОЦМ м-н,Октябрьский район,Киров,Киров городской округ,Кировская область,Россия,Пн: 00:00-24:00; Вт: 00:00-24:00; Ср: 00:00-24:00; Чт: 00:00-24:00; Пт: 00:00-24:00; Сб: 00:00-24:00; Вс: 00:00-24:00,+03:00,1.0,5,88332245051,,,,,,,,,,,58.635674,49.62574,https://2gis.com/firm/8163302605590757
Яхт Клуб Альбатрос,баня,Бани / Сауны; Лодочные станции,"Миронов луг, 1",,,Филейка м-н,Октябрьский район,Киров,Киров городской округ,Кировская область,Россия,Пн: 00:00-24:00; Вт: 00:00-24:00; Ср: 00:00-24:00; Чт: 00:00-24:00; Пт: 00:00-24:00; Сб: 00:00-24:00; Вс: 00:00-24:00,+03:00,5.0,3,88332467653,89630004846,,,,,,https://wa.me/79630004846,,,,58.647316,49.633156,https://2gis.com/firm/70000001019468865
Алиса,сауна,Бани / Сауны,"Заводская улица, 41",1 этаж,610004,,Первомайский район,Киров,Киров городской округ,Кировская область,Россия,Пн: 00:00-24:00; Вт: 00:00-24:00; Ср: 00:00-24:00; Чт: 00:00-24:00; Пт: 00:00-24:00; Сб: 00:00-24:00; Вс: 00:00-24:00,+03:00,5.0,2,88332217179,,,,,,,,,,,58.621568,49.681419,https://2gis.com/firm/8163303606091606
Радужный,сауна,Бани / Сауны,"Производственная улица, 1",1 этаж,610010,мкр. Радужный,Нововятский район,Киров,Киров городской округ,Кировская область,Россия,Пн: 00:00-24:00; Вт: 00:00-24:00; Ср: 00:00-24:00; Чт: 00:00-24:00; Пт: 00:00-24:00; Сб: 00:00-24:00; Вс: 00:00-24:00,+03:00,,,88332306910,,,,,,,,,,,58.499305,49.650093,https://2gis.com/firm/8163302605591979
Общественная баня,,Бани / Сауны,"улица Павла Корчагина, 82Б",,610030,Коминтерн м-н,Первомайский район,Киров,Киров городской округ,Кировская область,Россия,"Пт: 10:00-20:00; Сб: 10:00-20:00; Вс: 10:00-20:00 (мужские дни: пт, вс; женские дни: сб)",+03:00,5.0,1,89229172701,,,,,,,,,,,58.644492,49.722354,https://2gis.com/firm/70000001027605210
Причал,сауна,Бани / Сауны,"Заводская улица, 41а","1, 2 этаж",610004,,Первомайский район,Киров,Киров городской округ,Кировская область,Россия,Пн: 00:00-24:00; Вт: 00:00-24:00; Ср: 00:00-24:00; Чт: 00:00-24:00; Пт: 00:00-24:00; Сб: 00:00-24:00; Вс: 00:00-24:00,+03:00,4.0,4,88332357135,88332444008,89127344008,,,,https://vk.com/prichal43,https://wa.me/79127344008,viber://chat/?number=79127344008,,,58.621092,49.681324,https://2gis.com/firm/8163303606031470
Трио,сауна,Бани / Сауны,"улица Свободы, 170а",,610002,,Ленинский район,Киров,Киров городской округ,Кировская область,Россия,Пн: 00:00-24:00; Вт: 00:00-24:00; Ср: 00:00-24:00; Чт: 00:00-24:00; Пт: 00:00-24:00; Сб: 00:00-24:00; Вс: 00:00-24:00,+03:00,1.3,3,88332787257,,,,,,,,,,,58.583209,49.681292,https://2gis.com/firm/8163302605592760
Аквамарин,сауна,Бани / Сауны; Аренда беседок,"Луганская улица, 47а/5",,610044,,Октябрьский район,Киров,Киров городской округ,Кировская область,Россия,Пн: 00:00-24:00; Вт: 00:00-24:00; Ср: 00:00-24:00; Чт: 00:00-24:00; Пт: 00:00-24:00; Сб: 00:00-24:00; Вс: 00:00-24:00,+03:00,3.1,10,89229106995,,,,,,https://vk.com/akvamarin43,https://wa.me/79536812699,,https://t.me/akva555,,58.628496,49.58931,https://2gis.com/firm/8163302605587040
Комфорт,оздоровительный комплекс,Бани / Сауны; Соляные комнаты; Тонизирующие салоны,"Комсомольская улица, 40а/3",,610001,,Ленинский район,Киров,Киров городской округ,Кировская область,Россия,Пн: 08:00-21:00; Вт: 08:00-21:00; Ср: 08:00-21:00; Чт: 08:00-21:00; Пт: 08:00-21:00; Сб: 08:00-21:00; Вс: 08:00-21:00 (по предварительной записи: пн-вс),+03:00,3.0,2,88332423500,,,,http://комфорт-ок.рф,,,,,,,58.580716,49.65926,https://2gis.com/firm/70000001019427641
Баня,бар,Бары; Быстрое питание,"улица Павла Корчагина, 82Б",,610030,Коминтерн м-н,Первомайский район,Киров,Киров городской округ,Кировская область,Россия,Пн: 06:00-23:00; Вт: 06:00-23:00; Ср: 06:00-23:00; Чт: 06:00-23:00; Пт: 00:00-24:00; Сб: 00:00-24:00; Вс: 06:00-23:00,+03:00,,,,,,,,,,,,,,58.644571,49.722496,https://2gis.com/firm/70000001066005554
У Медведа,сауна,Бани / Сауны,"улица 4 Пятилетки, 38",,610025,Новый м-н,Ленинский район,Киров,Киров городской округ,Кировская область,Россия,Пн: 00:00-24:00; Вт: 00:00-24:00; Ср: 00:00-24:00; Чт: 00:00-24:00; Пт: 00:00-24:00; Сб: 00:00-24:00; Вс: 00:00-24:00,+03:00,4.0,7,88332745447,89642565447,,,,,https://vk.com/parumedveda,,,,,58.565962,49.651928,https://2gis.com/firm/70000001045538850
Общественные Макарьевские Бани,,Бани / Сауны,"Проезжая улица, 39а",,610018,сл. Макарье,Первомайский район,Киров,Киров городской округ,Кировская область,Россия,Чт: 10:00-22:00; Пт: 10:00-22:00; Сб: 10:00-22:00; Вс: 10:00-22:00,+03:00,4.0,3,88332263388,89005263388,,,,,https://vk.com/makarbani43,,,,,58.614795,49.753269,https://2gis.com/firm/70000001023156695
Тортила,банно-оздоровительный комплекс,Бани / Сауны,"улица Менделеева, 11",цокольный этаж,610050,Красная горка м-н,Октябрьский район,Киров,Киров городской округ,Кировская область,Россия,Пн: 00:00-24:00; Вт: 00:00-24:00; Ср: 00:00-24:00; Чт: 00:00-24:00; Пт: 00:00-24:00; Сб: 00:00-24:00; Вс: 00:00-24:00,+03:00,5.0,1,,,,,,,,,,,,58.607128,49.596739,https://2gis.com/firm/8163302605592726
Лагуна,сауна,Бани / Сауны,"улица Дерендяева, 80д",1 этаж,610027,,Ленинский район,Киров,Киров городской округ,Кировская область,Россия,Пн: 00:00-24:00; Вт: 00:00-24:00; Ср: 00:00-24:00; Чт: 00:00-24:00; Пт: 00:00-24:00; Сб: 00:00-24:00; Вс: 00:00-24:00,+03:00,,,88332789093,88332371733,,,,,https://vk.com/club138011159,,,,,58.594612,49.664145,https://2gis.com/firm/8163302605590075
Наследие,база отдыха,Базы отдыха; Аренда беседок; Бани / Сауны,"Орловская улица, 52",1 этаж,610002,Исторический центр,Первомайский район,Киров,Киров городской округ,Кировская область,Россия,"Пн: 08:00-12:00, 13:00-17:00; Вт: 08:00-12:00, 13:00-17:00; Ср: 08:00-12:00, 13:00-17:00; Чт: 08:00-12:00, 13:00-17:00; Пт: 08:00-12:00, 13:00-16:00",+03:00,,,88332640869,89123699077,,,http://nasledie43.ru,,,,,,,58.595875,49.66947,https://2gis.com/firm/8163302605613869
Шихово,банный комплекс,Бани / Сауны,"Центральная улица, 16",,613118,,,,Слободской район,Кировская область,Россия,,+03:00,5.0,1,89123302195,,,,,,https://vk.com/banyashihovo,,,,,58.634418,49.838442,https://2gis.com/firm/70000001007102340
Barbie,сауна,Бани / Сауны,"улица Воровского, 14",цокольный этаж,610002,Исторический центр,Первомайский район,Киров,Киров городской округ,Кировская область,Россия,Пн: 00:00-24:00; Вт: 00:00-24:00; Ср: 00:00-24:00; Чт: 00:00-24:00; Пт: 00:00-24:00; Сб: 00:00-24:00; Вс: 00:00-24:00,+03:00,3.4,5,88332455919,89229955919,,,,,,https://wa.me/79229955919,viber://chat/?number=79229955919,https://t.me/barbie,,58.593763,49.677942,https://2gis.com/firm/8163302605594158
Bahama Mama`s,сауна,Бани / Сауны,"Профсоюзная улица, 44",,610004,Исторический центр,Первомайский район,Киров,Киров городской округ,Кировская область,Россия,Пн: 00:00-24:00; Вт: 00:00-24:00; Ср: 00:00-24:00; Чт: 00:00-24:00; Пт: 00:00-24:00; Сб: 00:00-24:00; Вс: 00:00-24:00,+03:00,5.0,3,88332453453,89229223453,,,,,https://vk.com/bahamamam,,,,,58.614565,49.674325,https://2gis.com/firm/70000001062874595
На Пристанской,гостиничный комплекс,Бани / Сауны,"Пристанская улица, 9в",,610020,Исторический центр,Первомайский район,Киров,Киров городской округ,Кировская область,Россия,Пн: 00:00-24:00; Вт: 00:00-24:00; Ср: 00:00-24:00; Чт: 00:00-24:00; Пт: 00:00-24:00; Сб: 00:00-24:00; Вс: 00:00-24:00,+03:00,,,88332351010 (единая справочная: круглосуточно),89127216911 (единая справочная: круглосуточно),,,http://гостиница-баня.рф,,https://vk.com/club119467018,,,,,58.605512,49.690414,https://2gis.com/firm/8163302605743296
Усадьба банная,сауна,Бани / Сауны,"Советская улица, 50Б",,610008,,Нововятский район,Киров,Киров городской округ,Кировская область,Россия,Пн: 09:00-22:00; Вт: 09:00-22:00; Ср: 09:00-22:00; Чт: 09:00-22:00; Пт: 09:00-22:00; Сб: 09:00-22:00; Вс: 09:00-22:00 (по предварительной записи: пн-вс),+03:00,,,89014798098,88332798098,,,,,https://vk.com/club171918594,,,,,58.50657,49.709845,https://2gis.com/firm/8163302605592898
Замок Камелот,центр отдыха,Бани / Сауны,"Парковая улица, 5а/1",,610926,,,,Киров городской округ,Кировская область,Россия,Пн: 00:00-24:00; Вт: 00:00-24:00; Ср: 00:00-24:00; Чт: 00:00-24:00; Пт: 00:00-24:00; Сб: 00:00-24:00; Вс: 00:00-24:00,+03:00,,,88332506060,,,,,,,,,,,58.553331,49.643806,https://2gis.com/firm/70000001019478663
Баня на дровах,,Бани / Сауны,"территория СТ Школьный, 7",,610913,СТ Школьный,,,Киров городской округ,Кировская область,Россия,Пн: 09:00-24:00; Вт: 09:00-24:00; Ср: 09:00-24:00; Чт: 09:00-24:00; Пт: 09:00-24:00; Сб: 09:00-24:00; Вс: 09:00-24:00 (по предварительной записи: пн-вс),+03:00,3.3,3,89226685656,,,,,,https://vk.com/banyakirov,,,,,58.599641,49.568367,https://2gis.com/firm/70000001037658407
Фортуна,Баня,Бани / Сауны,"улица Потребкооперации, 22",1 этаж,610014,,Ленинский район,Киров,Киров городской округ,Кировская область,Россия,Пн: 10:00-22:00; Вт: 10:00-22:00; Ср: 10:00-22:00; Чт: 10:00-22:00; Пт: 10:00-22:00; Сб: 10:00-22:00; Вс: 10:00-22:00,+03:00,2.0,1,88332752114,,,,,,https://vk.com/fortuna_43,,,,,58.564715,49.6229,https://2gis.com/firm/70000001049180566
Спутник,баня,Бани / Сауны,"улица Свердлова, 31",,610047,Филейка м-н,Октябрьский район,Киров,Киров городской округ,Кировская область,Россия,Пн: 09:00-24:00; Вт: 09:00-24:00; Ср: 09:00-24:00; Чт: 09:00-24:00; Пт: 09:00-24:00; Сб: 09:00-24:00; Вс: 09:00-24:00,+03:00,,,88002001043,88332711731 (служба бронирования),,,http://sputnik-kirov.ru,,https://vk.com/sputnik.kirov43,,,,,58.638544,49.623722,https://2gis.com/firm/70000001066782350
Shishki camp,баня на дровах,Бани / Сауны,"деревня Сунчиха, Фулл хаус",,613006,,,,Кирово-Чепецкий район,Кировская область,Россия,Пн: 00:00-24:00; Вт: 00:00-24:00; Ср: 00:00-24:00; Чт: 00:00-24:00; Пт: 00:00-24:00; Сб: 00:00-24:00; Вс: 00:00-24:00,+03:00,1.0,1,88332424445,,,,,,https://vk.com/shishki_camp424445,,,,,58.4848,49.649312,https://2gis.com/firm/70000001019468463
Дубровский,банный комплекс,Бани / Сауны,"Боровицкая улица, 36Б/3",,610902,,,,Киров городской округ,Кировская область,Россия,Пн: 00:00-24:00; Вт: 00:00-24:00; Ср: 00:00-24:00; Чт: 00:00-24:00; Пт: 00:00-24:00; Сб: 00:00-24:00; Вс: 00:00-24:00,+03:00,4.8,25,88332425425 (единая справочная: круглосуточно),88332732598 (единая справочная: круглосуточно),89229932598 (единая справочная: круглосуточно),,http://hotel-kirov.ru,http://parkdubrovsky.ru,https://vk.com/poroshino,https://wa.me/79229932598,viber://chat/?number=79229932598,,,58.607805,49.811856,https://2gis.com/firm/70000001035769776
Sport,сауна,Бани / Сауны,"Производственная улица, 2Б",,610010,мкр. Радужный,Нововятский район,Киров,Киров городской округ,Кировская область,Россия,Пн: 11:00-23:00; Вт: 11:00-23:00; Ср: 11:00-23:00; Чт: 11:00-23:00; Пт: 11:00-23:00; Сб: 11:00-23:00; Вс: 11:00-23:00,+03:00,,,88332457766,89229957766,,,,,https://vk.com/saunu43,,,,,58.504504,49.638479,https://2gis.com/firm/70000001021128941
Баня на дровах,,Бани / Сауны,"Ясная улица, 2",,610912,,,,Киров городской округ,Кировская область,Россия,Пн: 00:00-24:00; Вт: 00:00-24:00; Ср: 00:00-24:00; Чт: 00:00-24:00; Пт: 00:00-24:00; Сб: 00:00-24:00; Вс: 00:00-24:00,+03:00,3.0,1,88332780086,88332780531,,,,,https://vk.com/katkovobanya,,,,,58.573178,49.5393,https://2gis.com/firm/8163302605591907
Берёзка,баня,Бани / Сауны,"Параллельная улица, 23",,613008,,,,Киров городской округ,Кировская область,Россия,Пн: 00:00-24:00; Вт: 00:00-24:00; Ср: 00:00-24:00; Чт: 00:00-24:00; Пт: 00:00-24:00; Сб: 00:00-24:00; Вс: 00:00-24:00,+03:00,,,88332784961,,,,http://berezka43.ru/,,,,,,,58.507363,49.571811,https://2gis.com/firm/70000001033396111
Fresh,сауна,Бани / Сауны,"Советская улица, 28в",,610008,,Нововятский район,Киров,Киров городской округ,Кировская область,Россия,Пн: 00:00-24:00; Вт: 00:00-24:00; Ср: 00:00-24:00; Чт: 00:00-24:00; Пт: 00:00-24:00; Сб: 00:00-24:00; Вс: 00:00-24:00,+03:00,,,88332471282,89128271282,,,,,https://vk.com/saunafresh43,,,,,58.508857,49.702786,https://2gis.com/firm/70000001006802409
Радужнинские бани,,Бани / Сауны,"улица Конституции, 5а",,610010,мкр. Радужный,Нововятский район,Киров,Киров городской округ,Кировская область,Россия,Чт: 12:00-21:30; Пт: 12:00-21:30; Сб: 12:00-21:30; Вс: 12:00-21:30,+03:00,5.0,1,88332472278,,,,,,https://vk.com/club198938849,,,,,58.504762,49.654119,https://2gis.com/firm/8163302605587440
Стрелец,сауна,Бани / Сауны,"улица Орджоникидзе, 1",,610008,,Нововятский район,Киров,Киров городской округ,Кировская область,Россия,Пн: 00:00-24:00; Вт: 00:00-24:00; Ср: 00:00-24:00; Чт: 00:00-24:00; Пт: 00:00-24:00; Сб: 00:00-24:00; Вс: 00:00-24:00,+03:00,,,89229496550,88332456550,,,,,,,,,,58.509259,49.694726,https://2gis.com/firm/8163302605592433
Звезда,сауна,Бани / Сауны,"улица Орджоникидзе, 10",1 этаж,610047,ОЦМ м-н,Октябрьский район,Киров,Киров городской округ,Кировская область,Россия,Пн: 00:00-24:00; Вт: 00:00-24:00; Ср: 00:00-24:00; Чт: 00:00-24:00; Пт: 00:00-24:00; Сб: 00:00-24:00; Вс: 00:00-24:00,+03:00,3.5,2,88332714414,89823806909,,,,,,https://wa.me/79823806909,,,,58.630383,49.623269,https://2gis.com/firm/8163302605588986
У трамплина,баня,Бани / Сауны,"Подгорная улица, 15д",,610047,Филейка м-н,Октябрьский район,Киров,Киров городской округ,Кировская область,Россия,Пн: 00:00-24:00; Вт: 00:00-24:00; Ср: 00:00-24:00; Чт: 00:00-24:00; Пт: 00:00-24:00; Сб: 00:00-24:00; Вс: 00:00-24:00,+03:00,,,,,,,,,,,,,,58.641308,49.630662,https://2gis.com/firm/8163302605592785
Баня,,Бани / Сауны,"территория Центр культурного отдыха, 1а",,610040,,,,Слободской район,Кировская область,Россия,Пн: 00:00-24:00; Вт: 00:00-24:00; Ср: 00:00-24:00; Чт: 00:00-24:00; Пт: 00:00-24:00; Сб: 00:00-24:00; Вс: 00:00-24:00,+03:00,5.0,1,88332462334,88332462335,,,http://extrim-park43.ru,,,,,,,58.667471,49.642637,https://2gis.com/firm/8163303606203736
У Вени,сауна,Бани / Сауны,"улица Искры, 47/5",,610030,Коминтерн м-н,Первомайский район,Киров,Киров городской округ,Кировская область,Россия,Пн: 00:00-24:00; Вт: 00:00-24:00; Ср: 00:00-24:00; Чт: 00:00-24:00; Пт: 00:00-24:00; Сб: 00:00-24:00; Вс: 00:00-24:00,+03:00,,,89005261515,,,,,,,,,,,58.649437,49.749566,https://2gis.com/firm/70000001034413707
Латунка,сауна,Бани / Сауны,"переулок Дружбы, 6",,610016,ОЦМ м-н,Октябрьский район,Киров,Киров городской округ,Кировская область,Россия,Пн: 00:00-24:00; Вт: 00:00-24:00; Ср: 00:00-24:00; Чт: 00:00-24:00; Пт: 00:00-24:00; Сб: 00:00-24:00; Вс: 00:00-24:00,+03:00,5.0,3,88332754004,,,,,,https://vk.com/club206546979,,,,,58.63554,49.62559,https://2gis.com/firm/70000001055452277
Баня на дровах,,Бани / Сауны,"Ясная улица, 2/1",,610912,,,,Киров городской округ,Кировская область,Россия,Пн: 00:00-24:00; Вт: 00:00-24:00; Ср: 00:00-24:00; Чт: 00:00-24:00; Пт: 00:00-24:00; Сб: 00:00-24:00; Вс: 00:00-24:00,+03:00,,,88332780086,88332780531,,,,,https://vk.com/katkovobanya,,,,,58.573291,49.539678,https://2gis.com/firm/70000001052345798
Воробьи,центр отдыха,Базы отдыха; Бани / Сауны,"Береговая улица, 1",,613117,,,,Слободской район,Кировская область,Россия,Пн: 00:00-24:00; Вт: 00:00-24:00; Ср: 00:00-24:00; Чт: 00:00-24:00; Пт: 00:00-24:00; Сб: 00:00-24:00; Вс: 00:00-24:00,+03:00,5.0,1,89229591649,,,,,,,,,,,58.691168,49.829197,https://2gis.com/firm/70000001020273480
Славянские дворы,база отдыха,Базы отдыха; Бани / Сауны,"Вятская улица, 2/1",,,,,,Слободской район,Кировская область,Россия,Пн: 00:00-24:00; Вт: 00:00-24:00; Ср: 00:00-24:00; Чт: 00:00-24:00; Пт: 00:00-24:00; Сб: 00:00-24:00; Вс: 00:00-24:00,+03:00,5.0,1,89229075787,,,,,,https://vk.com/banyakirov43,,,,,58.664076,49.92293,https://2gis.com/firm/70000001064259763
У моста,сауна,Бани / Сауны,"Октябрьская улица, 29а/1",,610013,,Нововятский район,Киров,Киров городской округ,Кировская область,Россия,Пн: 00:00-24:00; Вт: 00:00-24:00; Ср: 00:00-24:00; Чт: 00:00-24:00; Пт: 00:00-24:00; Сб: 00:00-24:00; Вс: 00:00-24:00,+03:00,4.0,1,88332319650,,,,,,,,,,,58.495296,49.739933,https://2gis.com/firm/8163302605591980
На берегу,база отдыха,Базы отдыха; Бани / Сауны; Аренда беседок,"Родниковая улица, 15",,,,,,Слободской район,Кировская область,Россия,Пн: 00:00-24:00; Вт: 00:00-24:00; Ср: 00:00-24:00; Чт: 00:00-24:00; Пт: 00:00-24:00; Сб: 00:00-24:00; Вс: 00:00-24:00,+03:00,3.3,3,88332781519,,,,,,https://vk.com/baza_na_beregu,,,,,58.603562,49.947778,https://2gis.com/firm/70000001041297978
Ёлкиголки,глэмпинг,Базы отдыха; Бани / Сауны,"территория Озеро Келейное, 16",,610029,,,Киров,Киров городской округ,Кировская область,Россия,Пн: 00:00-24:00; Вт: 00:00-24:00; Ср: 00:00-24:00; Чт: 00:00-24:00; Пт: 00:00-24:00; Сб: 00:00-24:00; Вс: 00:00-24:00,+03:00,,,89226680818,,,,,,https://vk.com/julia120783,https://wa.me/79226680818,viber://chat/?number=79226680818,https://t.me/+79226680818,,58.646447,49.506371,https://2gis.com/firm/70000001068977004
Парнас,русская баня на дровах,Бани / Сауны,"территория СТ Автомобилист-Лянгасово, 17",,,,,Киров,Киров городской округ,Кировская область,Россия,Пн: 10:00-24:00; Вт: 10:00-24:00; Ср: 10:00-24:00; Чт: 10:00-24:00; Пт: 10:00-24:00; Сб: 10:00-24:00; Вс: 10:00-24:00,+03:00,,,89539439944,,,,,,https://vk.com/club81098778,https://wa.me/79539439944,,,,58.524771,49.447473,https://2gis.com/firm/70000001019462922
На берегу,баня,Бани / Сауны,"улица Тренера Пушкарёва, 4а",,610008,,Нововятский район,Киров,Киров городской округ,Кировская область,Россия,Пн: 08:00-24:00; Вт: 08:00-24:00; Ср: 08:00-24:00; Чт: 08:00-24:00; Пт: 08:00-24:00; Сб: 08:00-24:00; Вс: 08:00-24:00 (по предварительной записи: пн-вс),+03:00,4.0,5,88332267188,,,,,,,,,,,58.506709,49.713079,https://2gis.com/firm/70000001017340045
Башарово,компания по аренде коттеджа,Бани / Сауны; Аренда коттеджей / гостевых домов,"деревня Башарово, 16а",,610915,,,,Киров городской округ,Кировская область,Россия,Пн: 00:00-24:00; Вт: 00:00-24:00; Ср: 00:00-24:00; Чт: 00:00-24:00; Пт: 00:00-24:00; Сб: 00:00-24:00; Вс: 00:00-24:00,+03:00,3.0,1,88332745576,,,,,,https://vk.com/basharovo43,https://wa.me/79539491916,viber://chat/?number=79642565576,,,58.507698,49.262362,https://2gis.com/firm/70000001025452649
Мыльня,русская баня на дровах,Бани / Сауны,"деревня Воронье, 10Б",,610051,,,,Киров городской округ,Кировская область,Россия,Пн: 00:00-24:00; Вт: 00:00-24:00; Ср: 00:00-24:00; Чт: 00:00-24:00; Пт: 00:00-24:00; Сб: 00:00-24:00; Вс: 00:00-24:00 (по предварительной записи: пн-вс),+03:00,,,89531369181,,,,,,https://vk.com/mbllnya,,,,,58.525115,49.439247,https://2gis.com/firm/70000001041252936
Общественная баня,,Бани / Сауны,"улица Матросова, 7",,610051,мкр. Лянгасово,Ленинский район,Киров,Киров городской округ,Кировская область,Россия,Чт: 12:00-21:00; Пт: 12:00-21:00; Сб: 12:00-21:00; Вс: 12:00-21:00,+03:00,5.0,1,88332747047,,,,,,https://vk.com/banyalyangasovo,,,,,58.516514,49.448816,https://2gis.com/firm/70000001033489084
Bagat`to,база отдыха,Базы отдыха; Бани / Сауны; Аренда беседок,"Стрижи-Дальние карьеры, 1",,,,,,Оричевский район,Кировская область,Россия,Пн: 00:00-24:00; Вт: 00:00-24:00; Ср: 00:00-24:00; Чт: 00:00-24:00; Пт: 00:00-24:00; Сб: 00:00-24:00; Вс: 00:00-24:00,+03:00,4.0,3,88332465089 (единый номер: пн-вс 9:00-21:00),89128265089 (единый номер: пн-вс 9:00-21:00),89123696089,,,,https://vk.com/bagattoclub,https://wa.me/79123696089,viber://chat/?number=79123696089,https://t.me/+79123696089,,58.412392,49.312128,https://2gis.com/firm/70000001007346413
"Дельфин, сауна",,Бани / Сауны,"Первомайская улица, 4 к6",,,,,Кирово-Чепецк,Кирово-Чепецк городской округ,Кировская область,Россия,Пн: 00:00-24:00; Вт: 00:00-24:00; Ср: 00:00-24:00; Чт: 00:00-24:00; Пт: 00:00-24:00; Сб: 00:00-24:00; Вс: 00:00-24:00,+03:00,5.0,1,88336143388,89536813388,,,,,https://vk.com/saunadelfin,,,,,58.558155,50.039998,https://2gis.com/firm/70000001039154359
Белая дача,загородный клуб,Базы отдыха; Бани / Сауны,"Майский посёлок, 1а",,,,,,Оричевский район,Кировская область,Россия,Пн: 00:00-24:00; Вт: 00:00-24:00; Ср: 00:00-24:00; Чт: 00:00-24:00; Пт: 00:00-24:00; Сб: 00:00-24:00; Вс: 00:00-24:00,+03:00,,,89226613105,,,,,,https://vk.com/club78059214,https://wa.me/79226613105,,,,58.413747,49.342145,https://2gis.com/firm/70000001044628171
Багира,сауна,Бани / Сауны,"Вокзальная улица, 1а",,,,,,Слободской район,Кировская область,Россия,Пн: 00:00-24:00; Вт: 00:00-24:00; Ср: 00:00-24:00; Чт: 00:00-24:00; Пт: 00:00-24:00; Сб: 00:00-24:00; Вс: 00:00-24:00,+03:00,,,89091438050,88336230082,88332455508,,,,https://vk.com/bagirasauna,,,,,58.67922,50.027074,https://2gis.com/firm/70000001054559807
Акватория,сауна,Бани / Сауны,"улица Свердлова, 6а",,,,,Кирово-Чепецк,Кирово-Чепецк городской округ,Кировская область,Россия,Пн: 00:00-24:00; Вт: 00:00-24:00; Ср: 00:00-24:00; Чт: 00:00-24:00; Пт: 00:00-24:00; Сб: 00:00-24:00; Вс: 00:00-24:00,+03:00,,,88332499059,89229899059,,,,,,,,,,58.549025,50.033944,https://2gis.com/firm/70000001039154393
Русская Баня,,Бани / Сауны,"Первомайская улица, 17",,,,,Кирово-Чепецк,Кирово-Чепецк городской округ,Кировская область,Россия,Пн: 13:00-21:00; Ср: 13:00-21:00; Чт: 13:00-21:00; Пт: 13:00-21:00; Сб: 10:00-21:00; Вс: 10:00-21:00,+03:00,,,,,,,,,https://vk.com/rbbanya,,,,,58.550276,50.040049,https://2gis.com/firm/70000001039154371
Баня,,Бани / Сауны,"Профсоюзная улица, 1а",,,,,Кирово-Чепецк,Кирово-Чепецк городской округ,Кировская область,Россия,,+03:00,,,88336199431,,,,,,,,,,,58.560484,49.987446,https://2gis.com/firm/70000001039154367
"Вдвижении, сауна",,Бани / Сауны; Услуги массажиста; Бассейны,"улица Мелиораторов, 30",,,,,Кирово-Чепецк,Кирово-Чепецк городской округ,Кировская область,Россия,Пн: 00:00-24:00; Вт: 00:00-24:00; Ср: 00:00-24:00; Чт: 00:00-24:00; Пт: 00:00-24:00; Сб: 00:00-24:00; Вс: 00:00-24:00,+03:00,,,,,,,http://sauna-chepetsk.mya5.ru,,https://vk.com/dvizheniye_sauna,,,,,58.522523,49.982175,https://2gis.com/firm/70000001039147361
Мойдодыр,баня,Бани / Сауны,"квартал Цепели, 5",,,,,Кирово-Чепецк,Кирово-Чепецк городской округ,Кировская область,Россия,Пн: 00:00-24:00; Вт: 00:00-24:00; Ср: 00:00-24:00; Чт: 00:00-24:00; Пт: 00:00-24:00; Сб: 00:00-24:00; Вс: 00:00-24:00,+03:00,,,88336176933,89531393330,,,,,https://vk.com/moydodyr43,,,,,58.518934,50.000327,https://2gis.com/firm/70000001039154390
Оздоровительный центр для Своих,,Бани / Сауны,"улица Ленина, 26а",,,,,Кирово-Чепецк,Кирово-Чепецк городской округ,Кировская область,Россия,Пн: 00:00-24:00; Вт: 00:00-24:00; Ср: 00:00-24:00; Чт: 00:00-24:00; Пт: 00:00-24:00; Сб: 00:00-24:00; Вс: 00:00-24:00,+03:00,,,,,,,,,,,,,,58.544598,50.030807,https://2gis.com/firm/70000001039154378
Россия,,Бани / Сауны; Услуги массажиста,"проспект Россия, 13",,,,,Кирово-Чепецк,Кирово-Чепецк городской округ,Кировская область,Россия,Пн: 00:00-24:00; Вт: 00:00-24:00; Ср: 00:00-24:00; Чт: 00:00-24:00; Пт: 00:00-24:00; Сб: 00:00-24:00; Вс: 00:00-24:00,+03:00,,,88336122888,,,,,,,,,,,58.551052,50.045272,https://2gis.com/firm/70000001039154402
Русская баня,,Бани / Сауны; Игорное оборудование / Аксессуары,"Восточный проезд, 11а",,,,,Кирово-Чепецк,Кирово-Чепецк городской округ,Кировская область,Россия,Пн: 12:00-22:00; Вт: 12:00-22:00; Ср: 12:00-22:00; Чт: 12:00-22:00; Пт: 12:00-22:00; Сб: 12:00-22:00; Вс: 12:00-22:00,+03:00,,,88332420842,,,,,,https://vk.com/utrobino,,,,,58.535347,50.081117,https://2gis.com/firm/70000001039154398
Лебедь,семейно-оздоровительный центр,Базы отдыха; Бани / Сауны; Аренда беседок; Кейтеринг,"Лебедь, 1",,612273,,,,Орловский район,Кировская область,Россия,Пн: 00:00-24:00; Вт: 00:00-24:00; Ср: 00:00-24:00; Чт: 00:00-24:00; Пт: 00:00-24:00; Сб: 00:00-24:00; Вс: 00:00-24:00 (нерабочие месяцы: сентябрь-апрель),+03:00,,,89226680346,,,,,,https://vk.com/bazalebed,,,,,58.651424,49.05122,https://2gis.com/firm/70000001006140011
Егория,база,Бани / Сауны; Аренда беседок,"автодорога Трапицыны-Майский, 2",,,,,,Оричевский район,Кировская область,Россия,Пн: 10:00-22:00; Вт: 10:00-22:00; Ср: 10:00-22:00; Чт: 10:00-22:00; Пт: 10:00-22:00; Сб: 10:00-22:00; Вс: 10:00-22:00,+03:00,5.0,1,89229023929,,,,,,https://vk.com/egoriya43,https://wa.me/79229023929,,,,58.420979,49.332671,https://2gis.com/firm/70000001023438714
Добрый кот,база отдыха,Базы отдыха; Бани / Сауны; Аренда беседок,"Рождественская улица, 2",,,,,,Оричевский район,Кировская область,Россия,Пн: 00:00-24:00; Вт: 00:00-24:00; Ср: 00:00-24:00; Чт: 00:00-24:00; Пт: 00:00-24:00; Сб: 00:00-24:00; Вс: 00:00-24:00,+03:00,1.0,1,88332442636,89127342636,,,,,https://vk.com/dobriykot43,,viber://chat/?number=79127342636,,,58.28531,49.532021,https://2gis.com/firm/70000001054755468
Баня,,Бани / Сауны,,,,,,Слободской,Слободской городской округ,Кировская область,Россия,,+03:00,,,,,,,,,,,,,,58.672646,50.13822,https://2gis.com/firm/70000001066220344
Космос,гостиница,Гостиницы; Бани / Сауны,"Федеральная трасса ""Вятка"", 15",,612282,,,Киров,Киров городской округ,Кировская область,Россия,Пн: 00:00-24:00; Вт: 00:00-24:00; Ср: 00:00-24:00; Чт: 00:00-24:00; Пт: 00:00-24:00; Сб: 00:00-24:00; Вс: 00:00-24:00,+03:00,4.3,8,89226604326,89536846058,89536789496,,,,,,,,,58.734147,49.241918,https://2gis.com/firm/70000001022992218
"Ас, сауна",,Бани / Сауны,"Первомайская улица, 51",,,,,Слободской,Слободской городской округ,Кировская область,Россия,Пн: 00:00-24:00; Вт: 00:00-24:00; Ср: 00:00-24:00; Чт: 00:00-24:00; Пт: 00:00-24:00; Сб: 00:00-24:00; Вс: 00:00-24:00,+03:00,,,89628938193,89097198236,,,,,https://vk.com/cayna.gostiniza,,,,,58.740378,50.155145,https://2gis.com/firm/70000001046467191
Сауна,,Бани / Сауны,"улица Кирова, 11",,,,,Слободской,Слободской городской округ,Кировская область,Россия,Пн: 00:00-24:00; Вт: 00:00-24:00; Ср: 00:00-24:00; Чт: 00:00-24:00; Пт: 00:00-24:00; Сб: 00:00-24:00; Вс: 00:00-24:00,+03:00,,,,,,,,,,,,,,58.710224,50.195511,https://2gis.com/firm/70000001046467184
"Акватайм, центральная баня",,Бани / Сауны,"Никольская улица, 4",,,,,Слободской,Слободской городской округ,Кировская область,Россия,Пн: 08:00-22:00; Вт: 08:00-22:00; Ср: 08:00-22:00; Чт: 08:00-22:00; Пт: 08:00-22:00; Сб: 08:00-22:00; Вс: 08:00-22:00,+03:00,,,88336241051,88336242137,,,,,,,,,,58.729756,50.181118,https://2gis.com/firm/70000001046467162
"Царь Баня, сауна",,Бани / Сауны,"Новая улица, 14",,,,,Слободской,Слободской городской округ,Кировская область,Россия,Пн: 00:00-24:00; Вт: 00:00-24:00; Ср: 00:00-24:00; Чт: 00:00-24:00; Пт: 00:00-24:00; Сб: 00:00-24:00; Вс: 00:00-24:00,+03:00,,,88332450557,,,,,,,,,,,58.743447,50.170761,https://2gis.com/firm/70000001046467176
Базилик,территория отдыха,Базы отдыха; Бани / Сауны; Организация и проведение праздников; Лыжные базы / Горнолыжные комплексы; Прокат спортивного инвентаря / техники,"посёлок Колос, 2",,,,,,Оричевский район,Кировская область,Россия,Пн: 00:00-24:00; Вт: 00:00-24:00; Ср: 00:00-24:00; Чт: 00:00-24:00; Пт: 00:00-24:00; Сб: 00:00-24:00; Вс: 00:00-24:00,+03:00,,,89195178652,,,,http://базилик43.рф,,,,,,,58.2652,49.528082,https://2gis.com/firm/70000001046093067
Теплосервис,баня,Бани / Сауны,"Колхозная улица, 32",,612080,,,,Оричевский район,Кировская область,Россия,Сб: 08:00-19:00; Вс: 08:00-19:00,+03:00,,,,,,,,,,,,,,58.401669,49.051005,https://2gis.com/firm/70000001035675891
Баня-бочка,компания по строительству бань,Строительство бань / саун,"Приозёрная улица, 17а",,610007,Вересники м-н,Ленинский район,Киров,Киров городской округ,Кировская область,Россия,Пн: 08:00-18:00; Вт: 08:00-18:00; Ср: 08:00-18:00; Чт: 08:00-18:00; Пт: 08:00-18:00; Сб: 08:00-18:00,+03:00,5.0,1,89128275553,,,,http://баня-бочка-киров.рф,,https://vk.com/banyabochka43,https://wa.me/79128275553,viber://chat/?number=79128275553,,,58.578401,49.696394,https://2gis.com/firm/70000001039014773
Баня.ру,справочник бань и саун России,Информационные сервисы,,,,,,Киров,Киров городской округ,Кировская область,Россия,,+03:00,,,,,,,http://www.banya.ru,,,,,,,,,https://2gis.com/firm/70000001055110524
