Наименование,Описание,Рубрики,Адрес,Комментарий к адресу,Почтовый индекс,Микрорайон,Район,Город,Округ,Регион,Страна,Часы работы,Часовой пояс,Рейтинг,Количество отзывов,Телефон 1,Телефон 2,E-mail,Веб-сайт 1,Веб-сайт 2,Twitter,ВКонтакте,WhatsApp 1,WhatsApp 2,Viber,Telegram,YouTube,Широта,Долгота,2GIS URL
Zажигалка,стриптиз-бар,Стриптиз-клубы; Бары; Ночные клубы,"Профсоюзная улица, 1",1 этаж,610004,,Первомайский район,Киров,Киров городской округ,Кировская область,Россия,Пн: 22:00-06:00; Вт: 22:00-06:00; Ср: 22:00-06:00; Чт: 22:00-06:00; Пт: 22:00-06:00; Сб: 22:00-06:00; Вс: 22:00-06:00,+03:00,4.6,13,88003338868 (круглосуточный),,web@russtriptease.com,,,,,https://wa.me/79528938868,,viber://chat/?number=79528938868,https://t.me/russtripclub,,58.616272,49.683512,https://2gis.com/firm/70000001026036978
CHILLim Club,,Бары; Кафе; Ночные клубы,"улица Ленина, 82",,610020,Исторический центр,Первомайский район,Киров,Киров городской округ,Кировская область,Россия,Пн: 12:00-03:00; Вт: 12:00-03:00; Ср: 12:00-03:00; Чт: 12:00-03:00; Пт: 12:00-08:00; Сб: 12:00-08:00; Вс: 12:00-03:00,+03:00,4.4,43,89127349004,,chillim.kirov@gmail.com,http://chillimclub.ru,,,https://vk.com/chillim,,,,,,58.602691,49.681369,https://2gis.com/firm/70000001007324403
Тот самый бар,,Бары; Кафе; Пиццерии,"улица Свободы, 135в",,610002,Исторический центр,Первомайский район,Киров,Киров городской округ,Кировская область,Россия,Пн: 11:00-24:00; Вт: 11:00-24:00; Ср: 11:00-24:00; Чт: 11:00-24:00; Пт: 11:00-02:00; Сб: 11:00-02:00; Вс: 11:00-24:00,+03:00,4.1,12,89128270434,,feedback.vyatichbar@gmail.com,http://вятичбар.рф,,,https://vk.com/totsamyibar43,https://wa.me/79128260042,,viber://chat/?number=79128260042,,,58.589396,49.677361,https://2gis.com/firm/70000001062980251
SOLO Центральный,караоке-клуб,Караоке-залы; Кафе; Ночные клубы; Бары,"улица Карла Маркса, 81",1 этаж,610017,,Ленинский район,Киров,Киров городской округ,Кировская область,Россия,Пн: 19:00-07:00; Вт: 19:00-07:00; Ср: 19:00-07:00; Чт: 19:00-07:00; Пт: 19:00-07:00; Сб: 19:00-07:00; Вс: 19:00-07:00,+03:00,3.4,31,88332210005,,,,,,https://vk.com/karaoke_solokirov,,,,,,58.598953,49.66804,https://2gis.com/firm/70000001024628842
PELLI-PILLI CLUB,кафе-караоке,Караоке-залы; Кафе; Бары,"Профсоюзная улица, 44",1 этаж,610004,Исторический центр,Первомайский район,Киров,Киров городской округ,Кировская область,Россия,Пн: 18:00-04:00; Вт: 18:00-04:00; Ср: 18:00-04:00; Чт: 18:00-04:00; Пт: 18:00-05:00; Сб: 18:00-05:00; Вс: 18:00-04:00,+03:00,4.1,24,88332383878,89123641418,,,,,https://vk.com/pellipilliclub,,,,,,58.614907,49.674271,https://2gis.com/firm/70000001017440620
Nobel,гастробар,Рестораны; Бары,"улица Воровского, 43",3 этаж,610027,,Ленинский район,Киров,Киров городской округ,Кировская область,Россия,Пн: 08:00-05:00; Вт: 08:00-05:00; Ср: 08:00-05:00; Чт: 08:00-05:00; Пт: 00:00-24:00; Сб: 00:00-24:00; Вс: 08:00-05:00,+03:00,4.6,93,88332220107,,,http://nobel.bar,,,https://vk.com/gastrobarnobel,https://wa.me/79229224302,,,,,58.594455,49.667082,https://2gis.com/firm/70000001036037552
Самое Популярное Кафе Центр,,Кафе; Бары; Доставка готовых блюд; Караоке-залы,"улица Ленина, 73",1 этаж,610020,Исторический центр,Первомайский район,Киров,Киров городской округ,Кировская область,Россия,Пн: 12:00-03:00; Вт: 12:00-03:00; Ср: 12:00-03:00; Чт: 12:00-03:00; Пт: 12:00-08:00; Сб: 12:00-08:00; Вс: 12:00-03:00,+03:00,4.5,171,88007000025 (единая справочная: круглосуточно),,,http://spkcafe.ru,,,https://vk.com/spkkirov,,,,,https://youtube.com/channel/UCvfKTl5Nj5Wa668LlcKVW7Q,58.602849,49.680775,https://2gis.com/firm/8163302605591954
Offshore Drinkeria & Bistro,бар,Бары; Кафе,"Спасская улица, 6",1 этаж,610020,Исторический центр,Первомайский район,Киров,Киров городской округ,Кировская область,Россия,Пн: 08:00-01:00; Вт: 08:00-01:00; Ср: 08:00-01:00; Чт: 08:00-01:00; Пт: 08:00-03:00; Сб: 08:00-03:00; Вс: 08:00-01:00,+03:00,4.7,81,89229950199,,,,,,https://vk.com/offshore.drinkeria,https://wa.me/79229950199,,,,,58.602064,49.681403,https://2gis.com/firm/70000001058651689
Fabrika 3.0,ресторан-клуб,Рестораны; Бары; Ночные клубы; Банкетные залы,"Спасская улица, 15а","1, 2 этаж",610020,Исторический центр,Первомайский район,Киров,Киров городской округ,Кировская область,Россия,Пн: 12:00-01:00; Вт: 12:00-01:00; Ср: 12:00-01:00; Чт: 12:00-01:00; Пт: 12:00-05:00; Сб: 12:00-05:00; Вс: 12:00-01:00,+03:00,3.5,78,88332438111,,,http://fabrika-kirov.ru,,https://twitter.com/434581534726,https://vk.com/fabrikakirov,,,,,https://youtube.com/434581534726,58.602521,49.684555,https://2gis.com/firm/70000001020592720
The Engineer,гастробар-клуб,Рестораны; Бары; Банкетные залы; Доставка готовых блюд; Ночные клубы,"улица Романа Ердякова, 42",,610046,,Октябрьский район,Киров,Киров городской округ,Кировская область,Россия,"Пн: 12:00-23:00; Вт: 12:00-23:00; Ср: 12:00-23:00; Чт: 12:00-04:00; Пт: 12:00-04:00; Сб: 13:00-04:00; Вс: 13:00-04:00 (ночной клуб: чт, вс 20:00-4:00; пт-сб 18:00-4:00)",+03:00,4.8,188,88332222456,,,,,,https://vk.com/engineer.kirov,https://wa.me/79229761799,,,,,58.616772,49.635345,https://2gis.com/firm/70000001032196235
Трифон,гастропаб,Бары; Кафе,"Московская улица, 33а",1 этаж,610020,Исторический центр,Первомайский район,Киров,Киров городской округ,Кировская область,Россия,Пн: 12:00-01:00; Вт: 12:00-01:00; Ср: 12:00-01:00; Чт: 12:00-01:00; Пт: 12:00-03:00; Сб: 12:00-03:00; Вс: 12:00-01:00,+03:00,4.4,37,88332220010,,,http://trifonbar.ru,,,https://vk.com/trifonbar,,,,,,58.603719,49.670795,https://2gis.com/firm/70000001043988868
Чайхана 84/46,,Рестораны; Кафе; Бары; Доставка готовых блюд,"улица Карла Маркса, 84а",цокольный этаж,610017,Исторический центр,Первомайский район,Киров,Киров городской округ,Кировская область,Россия,Пн: 11:00-24:00; Вт: 11:00-24:00; Ср: 11:00-24:00; Чт: 11:00-24:00; Пт: 11:00-01:00; Сб: 11:00-01:00; Вс: 11:00-24:00,+03:00,3.9,69,88332418446,,,http://chayhana-kirov.ru,,,https://vk.com/chayhana_kirov,,,,,,58.600078,49.668645,https://2gis.com/firm/70000001037822562
CubbyBar,,Кафе; Бары; Рестораны,"Орловская улица, 13",,610002,Исторический центр,Первомайский район,Киров,Киров городской округ,Кировская область,Россия,Пн: 12:00-01:00; Вт: 12:00-01:00; Ср: 12:00-01:00; Чт: 12:00-01:00; Пт: 12:00-02:00; Сб: 12:00-02:00; Вс: 12:00-01:00,+03:00,4.8,75,88332433500,89823833500,,http://cubbybar.ru,,,https://vk.com/cubbybar,https://wa.me/79823833500,,viber://chat/?number=79823833500,,,58.59641,49.685354,https://2gis.com/firm/70000001041805975
Пивной дворик,трактир,Рестораны; Кафе; Бары; Доставка готовых блюд,"Спасская улица, 41",1 этаж,610020,Исторический центр,Первомайский район,Киров,Киров городской округ,Кировская область,Россия,Пн: 11:00-24:00; Вт: 11:00-24:00; Ср: 11:00-24:00; Чт: 11:00-24:00; Пт: 11:00-02:00; Сб: 11:00-02:00; Вс: 11:00-24:00,+03:00,4.0,79,88332647000,,,http://pivnoydvorik.ru,,,https://vk.com/pivnoydvorik43,,,,,,58.602126,49.673925,https://2gis.com/firm/8163302605591288
Руки ВВерх!,бар,Бары; Караоке-залы; Ночные клубы,"улица Карла Маркса, 99",,610027,,Ленинский район,Киров,Киров городской округ,Кировская область,Россия,Пн: 18:00-06:00; Вт: 18:00-06:00; Ср: 18:00-06:00; Чт: 18:00-06:00; Пт: 18:00-06:00; Сб: 18:00-06:00; Вс: 18:00-06:00,+03:00,4.7,786,88332211599,,,http://rvbar.ru,,,https://vk.com/rvbar.kirov,,,,,,58.59501,49.66808,https://2gis.com/firm/70000001041847810
Самое Популярное Кафе Восток,,Кафе; Бары; Доставка готовых блюд; Банкетные залы,"улица Свободы, 11",1 этаж,610004,Исторический центр,Первомайский район,Киров,Киров городской округ,Кировская область,Россия,Пн: 12:00-03:00; Вт: 12:00-03:00; Ср: 12:00-03:00; Чт: 12:00-03:00; Пт: 12:00-06:00; Сб: 12:00-06:00; Вс: 12:00-03:00,+03:00,3.6,65,88007000025 (единая справочная: круглосуточно),,,http://spkcafe.ru,,,https://vk.com/spkkirov,,,,https://t.me/spkkirov,https://youtube.com/channel/UCvfKTl5Nj5Wa668LlcKVW7Q,58.61466,49.675502,https://2gis.com/firm/8163302605592639
Почта Крафт,бар,Бары; Кафе,"Преображенская улица, 35","1, 2 этаж",610020,Исторический центр,Первомайский район,Киров,Киров городской округ,Кировская область,Россия,Пн: 15:00-01:00; Вт: 15:00-01:00; Ср: 15:00-01:00; Чт: 15:00-01:00; Пт: 15:00-03:00; Сб: 15:00-03:00; Вс: 12:00-01:00,+03:00,3.4,37,89615650579,,,http://bladbaher.ru/pochta-kraft,,,,,,,,,58.605493,49.673026,https://2gis.com/firm/70000001021137051
Jackie Brown,пивной паб,Бары; Кафе,"улица Карла Маркса, 101",цокольный этаж,610027,,Ленинский район,Киров,Киров городской округ,Кировская область,Россия,Пн: 11:00-03:00; Вт: 11:00-03:00; Ср: 11:00-03:00; Чт: 11:00-03:00; Пт: 11:00-03:00; Сб: 15:00-03:00; Вс: 15:00-03:00,+03:00,4.1,49,88332462533,,,,,,https://vk.com/jbpub,,,,,,58.59456,49.667428,https://2gis.com/firm/8163303606097679
БарЭль,,Бары; Кафе,"Московская улица, 52/2",цокольный этаж,610020,,Ленинский район,Киров,Киров городской округ,Кировская область,Россия,Пн: 15:00-02:00; Вт: 15:00-02:00; Ср: 15:00-02:00; Чт: 15:00-02:00; Пт: 15:00-02:00; Сб: 15:00-02:00; Вс: 15:00-02:00,+03:00,4.4,52,88332448579,89127348579,,http://vyatichbar.ru,,,https://vk.com/barel43,,,,,,58.603326,49.659929,https://2gis.com/firm/70000001022184436
Aroma Rooms Bar,,Бары; Кафе,"Октябрьский проспект, 92",3 этаж,610017,,Ленинский район,Киров,Киров городской округ,Кировская область,Россия,Пн: 12:00-01:00; Вт: 12:00-01:00; Ср: 12:00-01:00; Чт: 12:00-01:00; Пт: 12:00-02:00; Сб: 12:00-02:00; Вс: 12:00-01:00,+03:00,3.1,22,88332444170,,,,,,https://vk.com/aroma_rooms,,,,,,58.592538,49.658682,https://2gis.com/firm/70000001019008366
Oblako,лаундж-бар,Бары,"улица Ленина, 89",цокольный этаж,610002,Исторический центр,Первомайский район,Киров,Киров городской округ,Кировская область,Россия,Пн: 13:00-01:00; Вт: 13:00-01:00; Ср: 13:00-01:00; Чт: 13:00-01:00; Пт: 13:00-03:00; Сб: 13:00-03:00; Вс: 13:00-01:00,+03:00,3.1,14,89226626333,,,,,,https://vk.com/oblako_bar,https://wa.me/79226626333,,,,,58.597498,49.681166,https://2gis.com/firm/70000001062791801
Panorama,лаундж-бар,Бары; Банкетные залы; Кафе; Доставка готовых блюд,"Профсоюзная улица, 1",18 этаж,610004,,Первомайский район,Киров,Киров городской округ,Кировская область,Россия,Пн: 12:00-01:00; Вт: 12:00-01:00; Ср: 12:00-01:00; Чт: 12:00-01:00; Пт: 12:00-01:00; Сб: 12:00-01:00; Вс: 12:00-01:00,+03:00,3.3,86,88332332020 (служба бронирования столов),89229062020,,http://panoramakirov.ru,http://eventkirov.ru,,https://vk.com/panoramakirov,https://wa.me/79229062020,,viber://chat/?number=79229062020,,,58.615846,49.684314,https://2gis.com/firm/70000001024629110
Атмосфера,рок-бар,Бары; Караоке-залы; Кафе; Пиццерии,"Советская улица, 51",вход со двора,610020,Исторический центр,Первомайский район,Киров,Киров городской округ,Кировская область,Россия,Ср: 19:00-02:00; Чт: 19:00-02:00; Пт: 19:00-04:00; Сб: 19:00-04:00; Вс: 19:00-02:00,+03:00,4.4,53,89536782768,,,,,,https://vk.com/atmosfera_pub_kirov,,,,,,58.61341,49.668846,https://2gis.com/firm/70000001023915131
Арбат,гастрономический ресторан,Рестораны; Бары; Доставка готовых блюд,"Московская улица, 52/1",,610020,,Ленинский район,Киров,Киров городской округ,Кировская область,Россия,Пн: 11:00-22:00; Вт: 11:00-22:00; Ср: 11:00-22:00; Чт: 11:00-22:00; Пт: 11:00-02:00; Сб: 12:00-02:00; Вс: 12:00-22:00,+03:00,3.4,24,88332206307,,,http://bladbaher.ru/arbat,,,https://vk.com/public180769757,,,,,,58.603283,49.660685,https://2gis.com/firm/70000001036320453
Alibi,ночной клуб,Ночные клубы; Бары,"улица Ленина, 75",,610020,Исторический центр,Первомайский район,Киров,Киров городской округ,Кировская область,Россия,Пн: 18:00-05:00; Вт: 18:00-05:00; Ср: 18:00-05:00; Чт: 18:00-05:00; Пт: 19:00-08:00; Сб: 19:00-08:00; Вс: 18:00-05:00,+03:00,3.5,8,89127250590,,,,,,,,,,https://t.me/alibibar43,,58.602607,49.680424,https://2gis.com/firm/70000001061371086
Blad Baher,пивной бар,Бары; Рестораны,"Московская улица, 4",1 этаж,610020,Исторический центр,Первомайский район,Киров,Киров городской округ,Кировская область,Россия,Пн: 10:00-23:00; Вт: 10:00-23:00; Ср: 10:00-23:00; Чт: 10:00-23:00; Пт: 10:00-05:00; Сб: 10:00-05:00; Вс: 10:00-23:00,+03:00,1.9,23,88332215707,,,http://bladbaher.ru,,,https://vk.com/bladbaher_official,,,,,,58.603422,49.683853,https://2gis.com/firm/8163302605586539
Омар Хайям 2.0,лаундж-бар,Бары; Ночные клубы,"Московская улица, 4",1 этаж,610020,Исторический центр,Первомайский район,Киров,Киров городской округ,Кировская область,Россия,Пн: 12:00-06:00; Вт: 12:00-06:00; Ср: 12:00-06:00; Чт: 12:00-06:00; Пт: 12:00-06:00; Сб: 12:00-06:00; Вс: 12:00-06:00,+03:00,2.1,11,,,,,,,,,,,,,58.603247,49.682747,https://2gis.com/firm/70000001021769361
Friends,первый сырный бар,Рестораны; Бары; Кейтеринг; Доставка готовых блюд; Банкетные залы,"Октябрьский проспект, 120",цокольный этаж,610001,,Ленинский район,Киров,Киров городской округ,Кировская область,Россия,Пн: 12:00-23:00; Вт: 12:00-23:00; Ср: 12:00-23:00; Чт: 12:00-23:00; Пт: 12:00-02:00; Сб: 12:00-02:00; Вс: 12:00-23:00,+03:00,3.6,42,88332787870,89229007870,,http://friends43.ru,,,https://vk.com/gastrobarkirov,https://wa.me/79229007870,,viber://chat/?number=79229007870,,,58.583889,49.659266,https://2gis.com/firm/70000001045206411
220V,бар,Бары,"Профсоюзная улица, 44",1 этаж,610004,Исторический центр,Первомайский район,Киров,Киров городской округ,Кировская область,Россия,Пн: 20:00-06:00; Вт: 20:00-06:00; Ср: 20:00-06:00; Чт: 20:00-06:00; Пт: 20:00-08:00; Сб: 20:00-08:00; Вс: 20:00-06:00,+03:00,3.7,20,88332752386,,,,,,https://vk.com/bar_220v,,,,,,58.614604,49.674012,https://2gis.com/firm/70000001023099070
Brugge tap room,бельгийский гастро-паб,Бары; Кафе,"Московская улица, 21",1 этаж,610020,Исторический центр,Первомайский район,Киров,Киров городской округ,Кировская область,Россия,Пн: 12:00-24:00; Вт: 12:00-24:00; Ср: 12:00-24:00; Чт: 12:00-24:00; Пт: 12:00-02:00; Сб: 12:00-02:00; Вс: 12:00-24:00,+03:00,4.9,41,88332745300,,,,,,,,,,,,58.603828,49.676537,https://2gis.com/firm/70000001026555254
Lounge Dada,бар,Кафе; Бары,"Спасская улица, 67д",1 этаж,610020,,Ленинский район,Киров,Киров городской округ,Кировская область,Россия,Пн: 13:00-01:00; Вт: 13:00-01:00; Ср: 13:00-01:00; Чт: 13:00-01:00; Пт: 13:00-03:00; Сб: 13:00-03:00; Вс: 13:00-01:00,+03:00,4.7,80,89226687560,,,,,,https://vk.com/kk_dada,https://wa.me/79226687560,,viber://chat/?number=79226687560,,,58.602143,49.660144,https://2gis.com/firm/70000001022997917
13 Rules,бар,Бары,"Московская улица, 33а",1 этаж,610020,Исторический центр,Первомайский район,Киров,Киров городской округ,Кировская область,Россия,Пн: 15:00-24:00; Вт: 15:00-24:00; Ср: 15:00-24:00; Чт: 15:00-24:00; Пт: 15:00-03:00; Сб: 13:00-03:00; Вс: 13:00-24:00,+03:00,4.2,26,89091338013,,,,,,https://vk.com/13rules_kirov,,,,https://t.me/barkirov13,,58.603829,49.671125,https://2gis.com/firm/70000001032253048
Провино,бар,Бары; Рестораны; Доставка готовых блюд,"улица Ленина, 86",2 этаж,610002,Исторический центр,Первомайский район,Киров,Киров городской округ,Кировская область,Россия,Пн: 10:00-23:00; Вт: 10:00-23:00; Ср: 10:00-23:00; Чт: 10:00-23:00; Пт: 10:00-24:00; Сб: 10:00-24:00; Вс: 10:00-23:00,+03:00,4.2,3,88332222702,,,http://provinoshop.ru,,,https://vk.com/barprovino,,,,,,58.601364,49.681453,https://2gis.com/firm/70000001055135351
Тот самый бар,,Бары; Кафе; Пиццерии,"Профсоюзная улица, 44а",,610004,Исторический центр,Первомайский район,Киров,Киров городской округ,Кировская область,Россия,Пн: 11:00-23:00; Вт: 11:00-24:00; Ср: 11:00-24:00; Чт: 11:00-24:00; Пт: 11:00-02:00; Сб: 11:00-02:00; Вс: 11:00-24:00,+03:00,3.3,7,88332447552,,feedback.vyatichbar@gmail.com,http://вятичбар.рф,,,https://vk.com/totsamyibar43,https://wa.me/79128260042,,viber://chat/?number=79128260042,,,58.615029,49.673881,https://2gis.com/firm/70000001048107322
Вятич Спорт,бар,Бары; Кафе,"улица Труда, 74",1 этаж,610046,,Октябрьский район,Киров,Киров городской округ,Кировская область,Россия,Пн: 10:00-24:00; Вт: 10:00-24:00; Ср: 10:00-24:00; Чт: 10:00-24:00; Пт: 10:00-24:00; Сб: 10:00-24:00; Вс: 10:00-24:00,+03:00,4.6,11,88332440951,,,http://вятичбар.рф,,,https://vk.com/vyatichbar,,,,,,58.608017,49.658813,https://2gis.com/firm/70000001007531275
Шашлыки,рюмочная,Бары; Кафе; Рюмочные,"улица Дерендяева, 33",1 этаж,610020,,Ленинский район,Киров,Киров городской округ,Кировская область,Россия,Пн: 16:00-24:00; Вт: 16:00-24:00; Ср: 16:00-24:00; Чт: 16:00-24:00; Пт: 16:00-03:00; Сб: 16:00-03:00; Вс: 16:00-24:00,+03:00,4.6,14,88332777202,,,,,,https://vk.com/rumkashashlyk,,,,,,58.603155,49.661513,https://2gis.com/firm/70000001059122445
Мануфактура,лофт-бар,Кафе; Бары,"Заводская улица, 41",1 этаж,610004,,Первомайский район,Киров,Киров городской округ,Кировская область,Россия,Пн: 12:00-24:00; Вт: 12:00-24:00; Ср: 12:00-24:00; Чт: 12:00-24:00; Пт: 12:00-05:00; Сб: 12:00-05:00; Вс: 12:00-24:00,+03:00,2.9,34,88332455161,,,http://manufaktura43.ru,,,https://vk.com/club47374041,,,,,,58.62169,49.681287,https://2gis.com/firm/8163302605699712
Rubinstein,паб,Бары,"Московская улица, 4",1 этаж,610020,Исторический центр,Первомайский район,Киров,Киров городской округ,Кировская область,Россия,Пн: 17:00-03:00; Вт: 17:00-03:00; Ср: 17:00-03:00; Чт: 17:00-03:00; Пт: 15:00-03:00; Сб: 15:00-03:00; Вс: 15:00-03:00,+03:00,3.9,21,88332434440,,,,,,https://vk.com/rubinstein_pub,,,,,,58.603745,49.683431,https://2gis.com/firm/70000001030631951
SOLO 2.0,караоке-клуб,Караоке-залы; Бары; Кафе; Ночные клубы,"улица Свободы, 135",,610002,Исторический центр,Первомайский район,Киров,Киров городской округ,Кировская область,Россия,Пн: 19:00-07:00; Вт: 19:00-07:00; Ср: 19:00-07:00; Чт: 19:00-07:00; Пт: 19:00-07:00; Сб: 19:00-07:00; Вс: 19:00-07:00,+03:00,3.9,21,88332205585,,,,,,https://vk.com/solokirov2,,,,,,58.588215,49.67749,https://2gis.com/firm/70000001055201205
ABC,коктейльный бар,Бары; Кафе,"Пятницкая улица, 56",1 этаж,610020,,Октябрьский район,Киров,Киров городской округ,Кировская область,Россия,"Пн: 11:00-16:00; Вт: 11:00-16:00; Ср: 11:00-16:00, 19:00-02:00; Чт: 11:00-16:00, 19:00-02:00; Пт: 11:00-16:00, 19:00-04:00; Сб: 19:00-04:00; Вс: 19:00-02:00",+03:00,4.0,21,88332796196 (служба бронирования),,,,,,https://vk.com/cocktailbar_abc,,,,,,58.606556,49.666137,https://2gis.com/firm/70000001053194759
Granat,кафе,Кафе; Бары; Банкетные залы,"Пристанская улица, 1а",,610020,Исторический центр,Первомайский район,Киров,Киров городской округ,Кировская область,Россия,Пн: 11:00-01:00; Вт: 11:00-01:00; Ср: 11:00-01:00; Чт: 11:00-01:00; Пт: 11:00-03:00; Сб: 11:00-03:00; Вс: 11:00-01:00,+03:00,2.6,43,89127341929,,,,,,https://vk.com/granat43,https://wa.me/79127341929,,,,,58.60948,49.688655,https://2gis.com/firm/8163302605621935
Альфа,ресторан,Рестораны; Банкетные залы; Организация и проведение праздников; Доставка готовых блюд; Бары,"Московская улица, 129а",1 этаж,610033,,Октябрьский район,Киров,Киров городской округ,Кировская область,Россия,Пн: 07:00-23:00; Вт: 07:00-23:00; Ср: 07:00-23:00; Чт: 07:00-23:00; Пт: 07:00-23:00; Сб: 07:00-23:00; Вс: 07:00-23:00,+03:00,4.1,11,88332252020 (ресторан),88332252000 (ресепшен отеля),,http://alphakirov.ru,,,https://vk.com/alphakirov,https://wa.me/79229502020,,viber://chat/?number=79229502020,,,58.603177,49.622848,https://2gis.com/firm/70000001017333166
План пи,бар,Бары,"улица Дерендяева, 33",1 этаж,610020,,Ленинский район,Киров,Киров городской округ,Кировская область,Россия,Пн: 14:00-22:00; Вт: 14:00-22:00; Ср: 14:00-22:00; Чт: 14:00-22:00; Пт: 14:00-24:00; Сб: 14:00-24:00; Вс: 14:00-22:00,+03:00,4.9,18,88332452314,,,,,,https://vk.com/planpivo,,,,,,58.603159,49.661752,https://2gis.com/firm/70000001027896393
PRB,панк-рок бар,Бары; Кафе,"Пристанская улица, 1",,610020,Исторический центр,Первомайский район,Киров,Киров городской округ,Кировская область,Россия,Ср: 18:00-02:00; Чт: 18:00-02:00; Пт: 18:00-06:00; Сб: 18:00-06:00; Вс: 18:00-02:00,+03:00,2.0,3,89226699112,,,,,,https://vk.com/prb_kirov,,,,,,58.608057,49.689485,https://2gis.com/firm/70000001059979833
Современник,бар,Бары,"Московская улица, 21",,610020,Исторический центр,Первомайский район,Киров,Киров городской округ,Кировская область,Россия,Пн: 18:00-03:00; Вт: 18:00-03:00; Ср: 18:00-03:00; Чт: 18:00-03:00; Пт: 18:00-03:00; Сб: 18:00-03:00; Вс: 18:00-03:00,+03:00,5.0,1,89195015744 (бронирование столов),,,,,,,,,,,,58.603859,49.676357,https://2gis.com/firm/70000001067779397
Don`t worry papa,,Бары; Кафе; Банкетные залы,"улица Северное кольцо, 48",,610006,,Первомайский район,Киров,Киров городской округ,Кировская область,Россия,Пт: 20:00-05:00; Сб: 20:00-05:00,+03:00,2.5,78,88332492120,,,,,,https://vk.com/papabarkirov,,,,,,58.626216,49.652592,https://2gis.com/firm/70000001021228120
Brave,лаундж-бар,Рестораны; Бары; Кафе,"улица Воровского, 12",1 этаж,610002,Исторический центр,Первомайский район,Киров,Киров городской округ,Кировская область,Россия,Пн: 12:00-24:00; Вт: 12:00-24:00; Ср: 12:00-24:00; Чт: 12:00-24:00; Пт: 12:00-01:00; Сб: 12:00-01:00; Вс: 12:00-24:00,+03:00,3.7,6,88332460600,89128260600,,,,,,,,,,,58.593884,49.678337,https://2gis.com/firm/70000001040527630
Бильярд-Холл,,Бильярдные залы; Бары; Спортивно-развлекательное оборудование / Аксессуары; Кафе; Банкетные залы,"улица Горького, 5а",4 этаж; около касс киноцентра Кино Jam,610017,,Ленинский район,Киров,Киров городской округ,Кировская область,Россия,Пн: 12:00-02:00; Вт: 12:00-02:00; Ср: 12:00-02:00; Чт: 12:00-02:00; Пт: 12:00-02:00; Сб: 12:00-02:00; Вс: 12:00-02:00,+03:00,3.8,27,88332268888,89635534003 (отдел продаж),,,,,https://vk.com/billiard_holl_kirov,https://wa.me/79635534003,,,,,58.598956,49.647596,https://2gis.com/firm/8163302605734130
Neon,развлекательный центр,Ночные клубы; Бары,"улица Ломоносова, 25",,610050,,Октябрьский район,Киров,Киров городской округ,Кировская область,Россия,Пн: 21:00-06:00; Вт: 21:00-06:00; Ср: 21:00-06:00; Чт: 21:00-06:00; Пт: 21:00-10:00; Сб: 21:00-10:00; Вс: 21:00-06:00,+03:00,4.7,242,88332250425,,,,,https://twitter.com/neonkirov,https://vk.com/neonkirov,,,,,https://youtube.com/channel/UChZTRpWTimgq0jv5FaV42EA,58.608109,49.609624,https://2gis.com/firm/8163302605586674
Underground,рок-бар,Бары,"улица Ленина, 83г",цокольный этаж,610002,Исторический центр,Первомайский район,Киров,Киров городской округ,Кировская область,Россия,Пн: 00:00-24:00; Вт: 00:00-24:00; Ср: 00:00-24:00; Чт: 00:00-24:00; Пт: 00:00-24:00; Сб: 00:00-24:00; Вс: 00:00-24:00,+03:00,1.0,2,88332476565,,,,,,,,,,,,58.599145,49.680855,https://2gis.com/firm/70000001020697427
Кабинет Чарушин,,Бары; Кафе; Банкетные залы,"улица Ленина, 80",2 этаж,610020,Исторический центр,Первомайский район,Киров,Киров городской округ,Кировская область,Россия,Пн: 07:00-24:00; Вт: 07:00-24:00; Ср: 07:00-24:00; Чт: 07:00-24:00; Пт: 07:00-24:00; Сб: 07:00-24:00; Вс: 07:00-24:00,+03:00,3.3,3,88332651930,,,http://restoran-rossia.ru,,,https://vk.com/restaurantrussia,https://wa.me/79128279191,,,,,58.603994,49.682313,https://2gis.com/firm/8163302605586644
SOLO Первый,караоке-клуб,Караоке-залы; Кафе; Ночные клубы; Бары; Доставка готовых блюд,"Комсомольская улица, 40",,610001,,Ленинский район,Киров,Киров городской округ,Кировская область,Россия,Пн: 19:00-07:00; Вт: 19:00-07:00; Ср: 19:00-07:00; Чт: 19:00-07:00; Пт: 19:00-07:00; Сб: 19:00-07:00; Вс: 19:00-07:00,+03:00,2.9,24,88332210285,,,,,,https://vk.com/karaokesolokirov,,,,,,58.580399,49.657807,https://2gis.com/firm/8163303606068501
Blad Baher,пивной бар,Бары; Кафе,"улица Набережная Грина, 1",1 этаж,610004,Исторический центр,Первомайский район,Киров,Киров городской округ,Кировская область,Россия,Пн: 11:00-23:00; Вт: 11:00-23:00; Ср: 11:00-23:00; Чт: 11:00-23:00; Пт: 11:00-23:00; Сб: 11:00-23:00; Вс: 11:00-23:00,+03:00,3.3,9,88332206308,,,http://bladbaher.ru,,,,,,,,,58.613615,49.684817,https://2gis.com/firm/8163302605682808
Bar FUF,,Бары; Кафе; Ночные клубы,"Казанская улица, 66",,610002,Исторический центр,Первомайский район,Киров,Киров городской округ,Кировская область,Россия,Пн: 12:00-24:00; Вт: 12:00-24:00; Ср: 12:00-24:00; Чт: 12:00-24:00; Пт: 12:00-02:00; Сб: 12:00-02:00; Вс: 12:00-24:00,+03:00,4.3,3,89536886975,,ru.mk@mail.ru,,,,https://vk.com/r_oute66,https://wa.me/79536886975,,viber://chat/?number=79536886975,https://t.me/rout_66,,58.597928,49.684935,https://2gis.com/firm/70000001044674270
Blad Baher,пивной бар,Бары; Рестораны,"улица Чапаева, 48а",2 этаж,610001,,Ленинский район,Киров,Киров городской округ,Кировская область,Россия,Пн: 14:00-02:00; Вт: 14:00-02:00; Ср: 14:00-02:00; Чт: 14:00-02:00; Пт: 14:00-05:00; Сб: 14:00-05:00; Вс: 14:00-02:00,+03:00,3.2,28,88332206305,,,http://bladbaher.ru,,,https://vk.com/bladbaher_na_chapaeva,,,,,,58.580599,49.64843,https://2gis.com/firm/70000001032629231
Krn,бар,Бары; Кафе; Рестораны,"улица Романа Ердякова, 50 ст1",,610042,,Октябрьский район,Киров,Киров городской округ,Кировская область,Россия,Пн: 12:00-01:00; Вт: 12:00-01:00; Ср: 12:00-01:00; Чт: 12:00-01:00; Пт: 12:00-03:00; Сб: 12:00-03:00; Вс: 12:00-01:00,+03:00,3.4,19,88332422477,89229822477,,,,,https://vk.com/krn_bar,,,,,,58.617438,49.633794,https://2gis.com/firm/70000001040629971
Status,караоке-клуб,Бары; Кафе; Караоке-залы; Ночные клубы,"Красноармейская улица, 18а",1 этаж,610002,Исторический центр,Первомайский район,Киров,Киров городской округ,Кировская область,Россия,Вт: 18:00-07:00; Ср: 18:00-07:00; Чт: 18:00-07:00; Пт: 17:00-07:00; Сб: 17:00-07:00; Вс: 18:00-07:00,+03:00,2.6,5,88332746414,,,,,,https://vk.com/karaokeclubstatus,https://wa.me/79635528727,,,,,58.591576,49.678595,https://2gis.com/firm/70000001039857755
Best,бильярдный клуб,Бильярдные залы; Бары; Кафе,"улица Лепсе, 4/2",2 этаж,610006,,Октябрьский район,Киров,Киров городской округ,Кировская область,Россия,Пн: 12:00-01:00; Вт: 12:00-01:00; Ср: 12:00-01:00; Чт: 12:00-01:00; Пт: 12:00-03:00; Сб: 12:00-03:00; Вс: 12:00-01:00,+03:00,2.9,15,88332587414,,,,,,https://vk.com/club48422757,,,,,,58.623942,49.645691,https://2gis.com/firm/8163302605599114
Шафран,кафе-бар,Кафе; Бары,"улица Ленина, 170Б",3 этаж,610007,Зональный м-н,Ленинский район,Киров,Киров городской округ,Кировская область,Россия,Пн: 12:00-23:00; Вт: 12:00-23:00; Ср: 12:00-23:00; Чт: 12:00-23:00; Пт: 12:00-01:00; Сб: 12:00-01:00; Вс: 12:00-01:00,+03:00,3.7,6,88332448068,,,,,,https://vk.com/cafebarshafran,,,,,,58.575611,49.685355,https://2gis.com/firm/70000001045046402
Депо,диско-бар,Бары; Кафе,"Октябрьский проспект, 75",,610006,,Октябрьский район,Киров,Киров городской округ,Кировская область,Россия,Пн: 12:00-24:00; Вт: 12:00-24:00; Ср: 12:00-24:00; Чт: 12:00-24:00; Пт: 12:00-04:00; Сб: 12:00-04:00; Вс: 12:00-24:00,+03:00,2.0,3,89128250833,,,,,,https://vk.com/depo75,,,,,,58.621374,49.653434,https://2gis.com/firm/8163302605619448
Beer House,магазин,Магазины разливного пива; Снековая продукция; Бары,"Октябрьский проспект, 62",1 этаж,610046,,Октябрьский район,Киров,Киров городской округ,Кировская область,Россия,Пн: 11:00-22:00; Вт: 11:00-22:00; Ср: 11:00-22:00; Чт: 11:00-22:00; Пт: 11:00-23:00; Сб: 11:00-23:00; Вс: 11:00-22:00,+03:00,2.6,5,89531389649,89005201283,,,,,https://vk.com/club100501909,,,,,,58.605793,49.657806,https://2gis.com/firm/70000001018750598
Diamond,лаундж-бар,Бары,"Октябрьский проспект, 77",2 этаж,610006,,Октябрьский район,Киров,Киров городской округ,Кировская область,Россия,Пн: 12:00-24:00; Вт: 12:00-24:00; Ср: 12:00-24:00; Чт: 12:00-24:00; Пт: 12:00-02:00; Сб: 14:00-02:00; Вс: 14:00-24:00,+03:00,5.0,4,89583900384,88332758003,,,,,https://vk.com/diamond_loundge_43,,,,,,58.621104,49.653522,https://2gis.com/firm/70000001045399041
Живое пиво,бар,Бары,"улица Карла Маркса, 41",цокольный этаж,610020,,Октябрьский район,Киров,Киров городской округ,Кировская область,Россия,Пн: 11:00-23:00; Вт: 11:00-23:00; Ср: 11:00-23:00; Чт: 11:00-23:00; Пт: 11:00-23:00; Сб: 11:00-23:00; Вс: 11:00-23:00,+03:00,2.5,6,,,,,,,,,,,,,58.610203,49.667046,https://2gis.com/firm/8163303606220660
Вятич Спорт,бар,Бары; Кафе,"улица Воровского, 117",1 этаж,610033,Юго-Запад м-н,Ленинский район,Киров,Киров городской округ,Кировская область,Россия,Пн: 10:00-24:00; Вт: 10:00-24:00; Ср: 10:00-24:00; Чт: 10:00-24:00; Пт: 10:00-24:00; Сб: 10:00-24:00; Вс: 10:00-24:00,+03:00,4.7,6,88332430258,,,http://вятичбар.рф,,,https://vk.com/vyatichbar,,,,,,58.597401,49.614273,https://2gis.com/firm/70000001021801153
Хорошее Заведение,кафе-бар,Кафе; Бары,"Пятницкая улица, 102",цокольный этаж,610046,,Октябрьский район,Киров,Киров городской округ,Кировская область,Россия,Пн: 07:00-23:00; Вт: 07:00-23:00; Ср: 07:00-23:00; Чт: 07:00-23:00; Пт: 07:00-23:00; Сб: 07:00-23:00; Вс: 07:00-23:00,+03:00,2.0,1,,,,,,,,,,,,,58.606397,49.650473,https://2gis.com/firm/70000001021293247
Аура,кафе-бар,Бары,"улица Свободы, 158",цокольный этаж,610002,,Ленинский район,Киров,Киров городской округ,Кировская область,Россия,Пн: 00:00-24:00; Вт: 00:00-24:00; Ср: 00:00-24:00; Чт: 00:00-24:00; Пт: 00:00-24:00; Сб: 00:00-24:00; Вс: 00:00-24:00,+03:00,2.3,6,,,,,,,,,,,,,58.583487,49.679761,https://2gis.com/firm/70000001054573147
Самое Популярное Кафе Север,,Кафе; Бары; Доставка готовых блюд; Банкетные залы,"улица Свердлова, 31",,610047,Филейка м-н,Октябрьский район,Киров,Киров городской округ,Кировская область,Россия,Пн: 11:00-01:00; Вт: 11:00-01:00; Ср: 11:00-01:00; Чт: 11:00-01:00; Пт: 11:00-03:00; Сб: 12:00-03:00; Вс: 12:00-21:00,+03:00,4.0,46,88007000025 (единая справочная: круглосуточно),,,http://spkcafe.ru,,,https://vk.com/spkkirov,,,,,https://youtube.com/channel/UCvfKTl5Nj5Wa668LlcKVW7Q,58.638304,49.623929,https://2gis.com/firm/70000001035007530
Сатир,бар,Бары,"улица Ленина, 105а",,610002,Исторический центр,Первомайский район,Киров,Киров городской округ,Кировская область,Россия,Пн: 16:00-23:00; Вт: 16:00-23:00; Ср: 16:00-23:00; Чт: 16:00-23:00; Пт: 16:00-02:00; Сб: 16:00-02:00; Вс: 16:00-24:00,+03:00,,,89642554636,,,,,,,,,,,,58.592966,49.680632,https://2gis.com/firm/70000001068928676
Тот самый бар,,Бары; Кафе; Пиццерии,"улица Щорса, 39а",,610014,Дружба м-н,Ленинский район,Киров,Киров городской округ,Кировская область,Россия,Пн: 11:00-24:00; Вт: 11:00-24:00; Ср: 11:00-24:00; Чт: 11:00-24:00; Пт: 11:00-01:00; Сб: 11:00-01:00; Вс: 11:00-24:00,+03:00,4.0,6,88332440852,89127340852,feedback.vyatichbar@gmail.com,http://вятичбар.рф,,,https://vk.com/totsamyibar43,https://wa.me/79128260042,,viber://chat/?number=79128260042,,,58.577914,49.626624,https://2gis.com/firm/70000001046181566
16,бильярдный клуб,Бильярдные залы; Кафе; Бары,"улица Ленина, 198 к1",цокольный этаж,610007,Солнечный берег м-н,Ленинский район,Киров,Киров городской округ,Кировская область,Россия,Пн: 12:00-02:00; Вт: 12:00-02:00; Ср: 12:00-02:00; Чт: 12:00-02:00; Пт: 12:00-04:00; Сб: 12:00-04:00; Вс: 12:00-02:00,+03:00,4.1,12,88332730155,,,,,,https://vk.com/bcl16,,,,,,58.565994,49.686612,https://2gis.com/firm/70000001019679196
Гринвич,харчевня,Бары; Кафе,"Пролетарская улица, 22Б",1 этаж,610002,Исторический центр,Первомайский район,Киров,Киров городской округ,Кировская область,Россия,Пн: 08:00-23:00; Вт: 08:00-23:00; Ср: 08:00-23:00; Чт: 08:00-23:00; Пт: 08:00-23:00; Сб: 08:00-23:00; Вс: 08:00-23:00,+03:00,5.0,1,,,,,,,,,,,,,58.589367,49.675927,https://2gis.com/firm/8163302605588364
Катерина,бар,Бары,"улица Ленина, 112а",,610002,Исторический центр,Первомайский район,Киров,Киров городской округ,Кировская область,Россия,Пн: 07:00-23:00; Вт: 07:00-23:00; Ср: 07:00-23:00; Чт: 07:00-23:00; Пт: 07:00-23:00; Сб: 07:00-23:00; Вс: 07:00-23:00,+03:00,,,89123338812,,,,,,,https://wa.me/79123338812,,,,,58.589951,49.68226,https://2gis.com/firm/70000001068933997
Вятич Спорт,бар,Бары; Кафе,"Уральская улица, 14",цокольный этаж,610016,ОЦМ м-н,Октябрьский район,Киров,Киров городской округ,Кировская область,Россия,Пн: 10:00-24:00; Вт: 10:00-24:00; Ср: 10:00-24:00; Чт: 10:00-24:00; Пт: 10:00-24:00; Сб: 10:00-24:00; Вс: 10:00-24:00,+03:00,2.2,9,88332411160,,,http://вятичбар.рф,,,https://vk.com/vyatichbar,,,,,,58.632685,49.625777,https://2gis.com/firm/8163303606070644
Светлое & Тёмное,магазин-бар,Магазины разливного пива; Бары,"Заводская улица, 10",,610004,,Первомайский район,Киров,Киров городской округ,Кировская область,Россия,Пн: 10:00-23:00; Вт: 10:00-23:00; Ср: 10:00-23:00; Чт: 10:00-23:00; Пт: 10:00-02:00; Сб: 10:00-02:00; Вс: 10:00-23:00,+03:00,1.0,2,,,,,,,https://vk.com/svetloeitemnoekirov,,,,,,58.627867,49.673589,https://2gis.com/firm/70000001056715909
Dерzкий енот,бар,Бары; Доставка готовых блюд; Кафе,"улица Ломоносова, 25",,610050,,Октябрьский район,Киров,Киров городской округ,Кировская область,Россия,Пт: 21:00-06:00; Сб: 21:00-06:00,+03:00,4.6,37,88332250425,,,,,,https://vk.com/derzkiyenot,,,,,,58.608109,49.609624,https://2gis.com/firm/70000001020135059
Все свои,бар,Бары,"улица Сурикова, 40",1 этаж,610035,,Ленинский район,Киров,Киров городской округ,Кировская область,Россия,Пн: 11:00-24:00; Вт: 11:00-24:00; Ср: 11:00-24:00; Чт: 11:00-24:00; Пт: 12:00-01:00; Сб: 12:00-01:00; Вс: 12:00-24:00,+03:00,5.0,2,88332782732,,,,,,https://vk.com/showlifegroup,,,,,,58.580965,49.63879,https://2gis.com/firm/70000001038571560
Голос,клуб,Кафе; Караоке-залы; Бары,"Украинская улица, 18",2 этаж,610025,Новый м-н,Ленинский район,Киров,Киров городской округ,Кировская область,Россия,Пн: 18:00-06:00; Вт: 18:00-06:00; Ср: 18:00-06:00; Чт: 18:00-06:00; Пт: 18:00-06:00; Сб: 18:00-06:00; Вс: 18:00-06:00,+03:00,5.0,2,88332267667,,,,,,,,,,,,58.570077,49.651879,https://2gis.com/firm/8163303605998493
Глобус,Кафе,Бары; Кафе,"улица Воровского, 135Б",,610021,Юго-Запад м-н,Ленинский район,Киров,Киров городской округ,Кировская область,Россия,Пн: 12:00-23:00; Вт: 12:00-23:00; Ср: 12:00-23:00; Чт: 12:00-23:00; Пт: 12:00-24:00; Сб: 10:00-24:00; Вс: 10:00-23:00,+03:00,3.0,2,88332439531,,,http://s-globus.ru,,https://twitter.com/globus_kino,https://vk.com/rcglobus,,,,,,58.597369,49.605342,https://2gis.com/firm/70000001061790776
Symposium,ресторан,Рестораны; Бары,"улица Красина, 10",1 этаж,610001,,Ленинский район,Киров,Киров городской округ,Кировская область,Россия,Пн: 12:00-23:00; Вт: 12:00-23:00; Ср: 12:00-23:00; Чт: 12:00-23:00; Пт: 12:00-23:00; Сб: 12:00-23:00; Вс: 12:00-23:00,+03:00,4.2,6,88332442150,,,http://symposiumkirov.ru,,,,,,,,,58.578985,49.642023,https://2gis.com/firm/8163303606008304
Красная жара,паб,Бары; Быстрое питание,"улица Воровского, 159",цокольный этаж,610048,Юго-Запад м-н,Ленинский район,Киров,Киров городской округ,Кировская область,Россия,Пн: 08:00-23:00; Вт: 08:00-23:00; Ср: 08:00-23:00; Чт: 08:00-23:00; Пт: 08:00-23:00; Сб: 08:00-23:00; Вс: 08:00-23:00,+03:00,1.0,1,89127286982,,,,,,https://vk.com/public117898812,https://wa.me/79127286982,,,,,58.597199,49.590986,https://2gis.com/firm/70000001021597081
Хмельная кружка,,Бары,"улица Некрасова, 18",1 этаж,610001,,Ленинский район,Киров,Киров городской округ,Кировская область,Россия,Пн: 06:00-22:00; Вт: 06:00-22:00; Ср: 06:00-22:00; Чт: 06:00-22:00; Пт: 06:00-22:00; Сб: 06:00-22:00; Вс: 06:00-22:00,+03:00,,,89823821586,89127393640,,,,,,https://wa.me/79823821586,,,,,58.582424,49.647769,https://2gis.com/firm/70000001039872760
Легенда,спорт-бар,Бары,"Студенческий проезд, 3а",,610033,,Октябрьский район,Киров,Киров городской округ,Кировская область,Россия,Пн: 11:00-23:00; Вт: 11:00-23:00; Ср: 11:00-23:00; Чт: 11:00-23:00; Пт: 11:00-23:00; Сб: 11:00-23:00; Вс: 11:00-23:00,+03:00,4.1,7,88332206880,89642506880,,,,,https://vk.com/club206420998,https://wa.me/79642506880,,viber://chat/?number=79642506880,,,58.608008,49.616843,https://2gis.com/firm/70000001055537032
Нептун,кафе-бар,Кафе; Бары,"улица Ленина, 164 к5",1 этаж,610007,Зональный м-н,Ленинский район,Киров,Киров городской округ,Кировская область,Россия,Пн: 06:00-23:00; Вт: 06:00-23:00; Ср: 06:00-23:00; Чт: 06:00-23:00; Пт: 06:00-24:00; Сб: 06:00-24:00; Вс: 06:00-23:00,+03:00,5.0,1,88332356677,,,,,,,,,,,,58.576154,49.690682,https://2gis.com/firm/8163302605590776
Вятич Спорт,бар,Бары; Кафе,"проспект Строителей, 17",,610045,Юго-Запад м-н,Ленинский район,Киров,Киров городской округ,Кировская область,Россия,Пн: 10:00-23:00; Вт: 10:00-23:00; Ср: 10:00-23:00; Чт: 10:00-23:00; Пт: 10:00-23:00; Сб: 10:00-23:00; Вс: 10:00-23:00,+03:00,5.0,2,88332440938,,,http://вятичбар.рф,,,https://vk.com/vyatichbar,,,,,,58.595578,49.589972,https://2gis.com/firm/8163302605619449
Светлое & Тёмное,магазин-бар,Магазины разливного пива; Бары,"улица Пугачёва, 31в",цокольный этаж,610014,Дружба м-н,Ленинский район,Киров,Киров городской округ,Кировская область,Россия,Пн: 10:00-23:00; Вт: 10:00-23:00; Ср: 10:00-23:00; Чт: 10:00-23:00; Пт: 10:00-02:00; Сб: 10:00-02:00; Вс: 10:00-23:00,+03:00,2.3,3,,,,,,,https://vk.com/svetloeitemnoekirov,,,,,,58.575123,49.625661,https://2gis.com/firm/70000001037017089
Накатильня,центр культуры пития,Бары,"улица Мира, 23",цокольный этаж,610044,,Октябрьский район,Киров,Киров городской округ,Кировская область,Россия,Пн: 09:00-22:00; Вт: 09:00-22:00; Ср: 09:00-22:00; Чт: 09:00-22:00; Пт: 09:00-22:00; Сб: 09:00-22:00; Вс: 09:00-22:00,+03:00,5.0,1,,,,,,,https://vk.com/nakatilnya,,,,,,58.615724,49.614869,https://2gis.com/firm/70000001047668068
Пенная гильдия,бар,Бары,"улица Андрея Упита, 7",1 этаж,610050,Красная горка м-н,Октябрьский район,Киров,Киров городской округ,Кировская область,Россия,Пн: 10:00-23:00; Вт: 10:00-23:00; Ср: 10:00-23:00; Чт: 10:00-23:00; Пт: 10:00-23:00; Сб: 10:00-23:00; Вс: 10:00-23:00,+03:00,3.8,5,88332262800,89005262800,,http://пеннаягильдия.рус,,,https://vk.com/magazinbar_pennayagildiya,,,,,,58.605534,49.590742,https://2gis.com/firm/70000001043369505
Varka,бар,Бары,"улица Ленина, 190",1 этаж,610007,Зональный м-н,Ленинский район,Киров,Киров городской округ,Кировская область,Россия,Пн: 10:00-24:00; Вт: 10:00-24:00; Ср: 10:00-24:00; Чт: 10:00-24:00; Пт: 10:00-24:00; Сб: 10:00-01:00; Вс: 10:00-01:00,+03:00,2.0,4,,,,,,,,,,,,,58.572089,49.68567,https://2gis.com/firm/70000001052435836
7 Пятниц,бар,Бары; Быстрое питание,"улица Физкультурников, 6",1 этаж,610033,,Октябрьский район,Киров,Киров городской округ,Кировская область,Россия,Пн: 07:00-22:00; Вт: 07:00-22:00; Ср: 07:00-22:00; Чт: 07:00-22:00; Пт: 07:00-22:00; Сб: 07:00-22:00; Вс: 07:00-22:00,+03:00,,,89823821586,89127142820,,,,,,,,,,,58.611218,49.62757,https://2gis.com/firm/70000001039718262
Огонь да мясо,бар,Бары; Кафе; Банкетные залы; Доставка готовых блюд,"улица Челюскинцев, 7",,610001,,Ленинский район,Киров,Киров городской округ,Кировская область,Россия,Пн: 00:00-24:00,+03:00,5.0,6,,,,,,,,,,,,,58.578097,49.640043,https://2gis.com/firm/70000001047965030
Тортуга,бар,Бары; Банкетные залы; Кафе,"Приозёрная улица, 18",,610007,Вересники м-н,Ленинский район,Киров,Киров городской округ,Кировская область,Россия,Пн: 12:00-22:00; Вт: 12:00-22:00; Ср: 12:00-22:00; Чт: 12:00-22:00; Пт: 12:00-22:00; Сб: 11:00-01:00; Вс: 11:00-01:00,+03:00,5.0,1,89635505579,,,,,,https://vk.com/bar_tortuga_kirov,,,,,,58.57808,49.695433,https://2gis.com/firm/70000001024949366
Beerloga,бар,Бары,"улица Ломоносова, 37а",цокольный этаж,610033,,Октябрьский район,Киров,Киров городской округ,Кировская область,Россия,Пн: 06:00-23:00; Вт: 06:00-23:00; Ср: 06:00-23:00; Чт: 06:00-23:00; Пт: 06:00-23:00; Сб: 06:00-23:00; Вс: 06:00-23:00,+03:00,1.7,3,,,,,,,,,,,,,58.603673,49.609945,https://2gis.com/firm/70000001034146961
Бар встречи,,Бары,"улица Чапаева, 50",цокольный этаж,610001,,Ленинский район,Киров,Киров городской округ,Кировская область,Россия,Пн: 07:00-23:00; Вт: 07:00-23:00; Ср: 07:00-23:00; Чт: 07:00-23:00; Пт: 07:00-23:00; Сб: 07:00-23:00; Вс: 07:00-23:00,+03:00,,,,,,,,,,,,,,,58.579983,49.648563,https://2gis.com/firm/8163302605592949
Garage,бар,Бары; Быстрое питание,"улица Чернышевского, 7",цокольный этаж,610016,ОЦМ м-н,Октябрьский район,Киров,Киров городской округ,Кировская область,Россия,Пн: 08:00-24:00; Вт: 08:00-24:00; Ср: 08:00-24:00; Чт: 08:00-24:00; Пт: 08:00-24:00; Сб: 08:00-24:00; Вс: 08:00-24:00,+03:00,,,,,,,,,,,,,,,58.628491,49.628482,https://2gis.com/firm/70000001042890743
Волна,бар,Бары,"улица Ленина, 179а",1 этаж,610007,Зональный м-н,Ленинский район,Киров,Киров городской округ,Кировская область,Россия,Пн: 10:00-22:00; Вт: 10:00-22:00; Ср: 10:00-22:00; Чт: 10:00-22:00; Пт: 10:00-22:00; Сб: 10:00-22:00; Вс: 10:00-22:00,+03:00,5.0,5,,,,,,,,,,,,,58.576293,49.683611,https://2gis.com/firm/8163302605587819
Светлое & Темное,магазин-бар,Магазины разливного пива; Снековая продукция; Бары,"улица Потребкооперации, 36",,610014,,Ленинский район,Киров,Киров городской округ,Кировская область,Россия,Пн: 10:00-23:00; Вт: 10:00-23:00; Ср: 10:00-23:00; Чт: 10:00-02:00; Пт: 10:00-02:00; Сб: 10:00-02:00; Вс: 10:00-23:00,+03:00,,,89127377866,,,,,,,,,,,,58.561154,49.622426,https://2gis.com/firm/70000001066298093
Дымка,бар,Бары; Быстрое питание,"Комсомольская улица, 42",3 этаж,610001,,Ленинский район,Киров,Киров городской округ,Кировская область,Россия,Пн: 00:00-24:00; Вт: 00:00-24:00; Ср: 00:00-24:00; Чт: 00:00-24:00; Пт: 00:00-24:00; Сб: 00:00-24:00; Вс: 00:00-24:00,+03:00,,,,,,,,,,,,,,,58.578823,49.651333,https://2gis.com/firm/70000001033230636
Хорс,бар,Бары,"улица Лепсе, 77",1 этаж,610044,,Октябрьский район,Киров,Киров городской округ,Кировская область,Россия,Пн: 06:00-23:00; Вт: 06:00-23:00; Ср: 06:00-23:00; Чт: 06:00-23:00; Пт: 06:00-23:00; Сб: 06:00-23:00; Вс: 06:00-23:00,+03:00,,,,,,,,,,,,,,,58.610063,49.617375,https://2gis.com/firm/8163303606068498
Сафари,бар,Бары,"улица Мира, 44а",,610044,,Октябрьский район,Киров,Киров городской округ,Кировская область,Россия,Пн: 06:30-24:00; Вт: 06:30-24:00; Ср: 06:30-24:00; Чт: 06:30-24:00; Пт: 06:30-02:00; Сб: 06:30-02:00; Вс: 06:30-24:00,+03:00,5.0,1,,,,,,,,,,,,,58.612787,49.611166,https://2gis.com/firm/8163303606068401
70,бар,Бары; Быстрое питание,"Северо-Садовая улица, 2",1 этаж,610042,,Октябрьский район,Киров,Киров городской округ,Кировская область,Россия,Пн: 08:00-23:00; Вт: 08:00-23:00; Ср: 08:00-23:00; Чт: 08:00-23:00; Пт: 08:00-23:00; Сб: 08:00-23:00; Вс: 08:00-23:00,+03:00,5.0,2,,,,,,,,,,,,,58.620632,49.6256,https://2gis.com/firm/70000001023137625
АвтоПорт,кафе,Кафе; Банкетные залы; Бары,"трасса Киров-Котельнич, 2а",1 этаж,613635,,,Киров,Киров городской округ,Кировская область,Россия,Пн: 07:00-22:00; Вт: 07:00-22:00; Ср: 07:00-22:00; Чт: 07:00-22:00; Пт: 07:00-22:00; Сб: 07:00-22:00; Вс: 07:00-22:00,+03:00,5.0,13,88332440606,88332661111,,http://cafe.motor92.ru,,,https://vk.com/avtoport43,,,,,,58.681987,49.641601,https://2gis.com/firm/8163302605586893
Пивной бар,,Рюмочные; Бары,"улица Лепсе, 35",,610044,,Октябрьский район,Киров,Киров городской округ,Кировская область,Россия,Пн: 07:00-21:00; Вт: 07:00-21:00; Ср: 07:00-21:00; Чт: 07:00-21:00; Пт: 07:00-21:00; Сб: 07:00-21:00; Вс: 07:00-21:00,+03:00,3.0,1,88332532705,,,,,,,,,,,,58.614803,49.62512,https://2gis.com/firm/8163302605587555
Бегемот,пивной бар,Бары; Быстрое питание,"улица Кольцова, 11",цокольный этаж,610050,Красная горка м-н,Октябрьский район,Киров,Киров городской округ,Кировская область,Россия,Пн: 07:00-23:00; Вт: 07:00-23:00; Ср: 07:00-23:00; Чт: 07:00-23:00; Пт: 07:00-23:00; Сб: 07:00-23:00; Вс: 07:00-23:00,+03:00,1.0,4,88332511159,,,,,,,,,,,,58.605974,49.597131,https://2gis.com/firm/70000001006427716
Бладбахер,бар,Бары; Кафе,"проспект Строителей, 5",1 этаж,610010,мкр. Радужный,Нововятский район,Киров,Киров городской округ,Кировская область,Россия,Чт: 18:00-02:00; Пт: 18:00-05:00; Сб: 18:00-05:00; Вс: 18:00-02:00,+03:00,3.0,3,88332745735,,,,,,https://vk.com/bladbaherradyzhny,,,,,,58.502928,49.653546,https://2gis.com/firm/70000001034866813
Кафе-бар,,Кафе; Бары,"улица Сурикова, 40",цокольный этаж,610035,,Ленинский район,Киров,Киров городской округ,Кировская область,Россия,Пн: 07:00-23:00; Вт: 07:00-23:00; Ср: 07:00-23:00; Чт: 07:00-23:00; Пт: 07:00-23:00; Сб: 07:00-23:00; Вс: 07:00-23:00,+03:00,3.0,4,,,,,,,,,,,,,58.580816,49.638757,https://2gis.com/firm/8163303606041036
Кочегарка,бар,Бары; Кафе; Банкетные залы,"Советская улица, 11г/1",1 этаж,610008,,Нововятский район,Киров,Киров городской округ,Кировская область,Россия,Пн: 11:00-23:00; Вт: 11:00-23:00; Ср: 11:00-23:00; Чт: 11:00-23:00; Пт: 11:00-02:00; Сб: 11:00-02:00; Вс: 11:00-02:00,+03:00,5.0,4,88332219988,,,,,,https://vk.com/kochegarka_rf,,,,,,58.514083,49.68938,https://2gis.com/firm/70000001007265479
Мстители,бар,Бары; Быстрое питание,"улица Некрасова, 71 ст3",1 этаж,610035,,Ленинский район,Киров,Киров городской округ,Кировская область,Россия,Пн: 09:00-16:00; Вт: 09:00-16:00; Ср: 09:00-16:00; Чт: 09:00-16:00; Пт: 09:00-16:00,+03:00,3.0,1,89823820188,,,,,,,,,,,,58.584011,49.614871,https://2gis.com/firm/70000001051310644
7 Пятниц,бар,Бары; Быстрое питание,"улица Риммы Юровской, 7",1 этаж,610045,Юго-Запад м-н,Ленинский район,Киров,Киров городской округ,Кировская область,Россия,Пн: 00:00-24:00; Вт: 00:00-24:00; Ср: 00:00-24:00; Чт: 00:00-24:00; Пт: 00:00-24:00; Сб: 00:00-24:00; Вс: 00:00-24:00,+03:00,1.0,2,89823821586,89127142820,,,,,,,,,,,58.588136,49.594291,https://2gis.com/firm/70000001047011321
Фортуна,кафе-шашлычная,Бары; Быстрое питание,"улица Потребкооперации, 22",1 этаж,610014,,Ленинский район,Киров,Киров городской округ,Кировская область,Россия,Пн: 10:00-24:00; Вт: 10:00-24:00; Ср: 10:00-24:00; Чт: 10:00-24:00; Пт: 10:00-24:00; Сб: 10:00-24:00; Вс: 10:00-24:00,+03:00,5.0,2,,,,,,,https://vk.com/fortuna_43,,,,,,58.564715,49.6229,https://2gis.com/firm/70000001035104832
Why_not,лаундж-бар,Бары,"улица Сутырина, 5",цокольный этаж,610047,Филейка м-н,Октябрьский район,Киров,Киров городской округ,Кировская область,Россия,Пн: 15:00-23:00; Вт: 15:00-23:00; Ср: 15:00-23:00; Чт: 15:00-23:00; Пт: 15:00-23:00; Сб: 15:00-23:00; Вс: 15:00-23:00,+03:00,,,89531356564,,,,,,https://vk.com/bar_why_not,https://wa.me/79229467364,https://wa.me/79531356564,,,,58.642431,49.612638,https://2gis.com/firm/70000001044463306
На горке,кафе,Быстрое питание; Бары,"улица Андрея Упита, 3",1 этаж,610050,Красная горка м-н,Октябрьский район,Киров,Киров городской округ,Кировская область,Россия,Пн: 07:00-22:00; Вт: 07:00-22:00; Ср: 07:00-22:00; Чт: 07:00-22:00; Пт: 07:00-22:00; Сб: 07:00-22:00; Вс: 07:00-22:00,+03:00,2.2,5,88332461665,88332522142,,,,,,,,,,,58.606816,49.591388,https://2gis.com/firm/8163302605590706
Баня,бар,Бары; Быстрое питание,"улица Павла Корчагина, 82Б",,610030,Коминтерн м-н,Первомайский район,Киров,Киров городской округ,Кировская область,Россия,Пн: 06:00-23:00; Вт: 06:00-23:00; Ср: 06:00-23:00; Чт: 06:00-23:00; Пт: 00:00-24:00; Сб: 00:00-24:00; Вс: 06:00-23:00,+03:00,,,,,,,,,,,,,,,58.644571,49.722496,https://2gis.com/firm/70000001066005554
Дача,кафе-шашлычная,Кафе; Бары,"трасса Гнусино-Шихово, 41",,613117,,,Киров,Киров городской округ,Кировская область,Россия,Пн: 09:00-23:00; Вт: 09:00-23:00; Ср: 09:00-23:00; Чт: 09:00-23:00; Пт: 09:00-23:00; Сб: 09:00-23:00; Вс: 09:00-23:00,+03:00,3.8,11,88332446346,88332457247,,,,,https://vk.com/public109140328,,,,,,58.656076,49.786862,https://2gis.com/firm/70000001017481170
Город,бар,Бары; Кафе,"проспект Россия, 28",,,,,Кирово-Чепецк,Кирово-Чепецк городской округ,Кировская область,Россия,Пн: 10:00-23:00; Вт: 10:00-23:00; Ср: 10:00-23:00; Чт: 10:00-23:00; Пт: 10:00-23:00; Сб: 10:00-23:00; Вс: 10:00-23:00,+03:00,2.7,3,89128248777,,,,,,https://vk.com/bargorod,,,,,,58.546971,50.043715,https://2gis.com/firm/70000001039154684
Респект,бар,Бары,"улица Менделеева, 13",1 этаж,610050,Красная горка м-н,Октябрьский район,Киров,Киров городской округ,Кировская область,Россия,Пн: 10:00-22:00; Вт: 10:00-22:00; Ср: 10:00-22:00; Чт: 10:00-22:00; Пт: 10:00-22:00; Сб: 10:00-22:00; Вс: 10:00-22:00,+03:00,4.0,1,,,,,,,,,,,,,58.606052,49.602021,https://2gis.com/firm/70000001018945194
Бар,,Бары,"улица Менделеева, 13",1 этаж,610050,Красная горка м-н,Октябрьский район,Киров,Киров городской округ,Кировская область,Россия,Пн: 07:00-21:00; Вт: 07:00-21:00; Ср: 07:00-21:00; Чт: 07:00-21:00; Пт: 07:00-21:00; Сб: 07:00-21:00; Вс: 07:00-21:00,+03:00,,,88332510910,,,,,,,,,,,,58.606147,49.601784,https://2gis.com/firm/70000001018945253
Дымка,бар,Бары,"Производственная улица, 29/3",1 этаж,610035,,Ленинский район,Киров,Киров городской округ,Кировская область,Россия,Пн: 09:00-18:00; Вт: 09:00-18:00; Ср: 09:00-18:00; Чт: 09:00-18:00; Пт: 09:00-18:00,+03:00,5.0,1,88332224344,,,,,,,,,,,,58.572681,49.608928,https://2gis.com/firm/70000001023537404
Коммуналка,пивная,Бары; Быстрое питание,"улица Орджоникидзе, 1",1 этаж,610008,,Нововятский район,Киров,Киров городской округ,Кировская область,Россия,Вт: 16:00-02:00; Ср: 16:00-02:00; Чт: 16:00-02:00; Пт: 16:00-04:00; Сб: 16:00-04:00; Вс: 16:00-02:00,+03:00,5.0,3,89127388888,,,,,,https://vk.com/kommunalkapivnaya,,,,,,58.509373,49.694752,https://2gis.com/firm/70000001041631912
Арион,бар,Бары,"Московская улица, 185",1 этаж,610048,Красная горка м-н,Октябрьский район,Киров,Киров городской округ,Кировская область,Россия,Пн: 08:00-21:00; Вт: 08:00-21:00; Ср: 08:00-21:00; Чт: 08:00-21:00; Пт: 08:00-21:00; Сб: 08:00-21:00; Вс: 08:00-21:00,+03:00,3.3,3,88332621176,,,,,,,,,,,,58.602849,49.591427,https://2gis.com/firm/8163303606085391
Бар,,Бары; Быстрое питание,"Луганский проезд, 6/1",2 этаж,610044,,Октябрьский район,Киров,Киров городской округ,Кировская область,Россия,Пн: 08:00-20:00; Вт: 08:00-20:00; Ср: 08:00-20:00; Чт: 08:00-20:00; Пт: 08:00-20:00; Сб: 08:00-20:00; Вс: 08:00-20:00,+03:00,5.0,2,88332715808,,,,,,,,,,,,58.612461,49.590017,https://2gis.com/firm/70000001027929673
"Клюшки, спортбар",,Бары,"переулок Родыгина, 4",,,,,Кирово-Чепецк,Кирово-Чепецк городской округ,Кировская область,Россия,Пн: 09:00-21:00; Вт: 09:00-21:00; Ср: 09:00-21:00; Чт: 09:00-21:00; Пт: 09:00-21:00; Сб: 07:00-21:00; Вс: 07:00-21:00,+03:00,,,,,,,,,,,,,,,58.554195,50.049819,https://2gis.com/firm/70000001039155270
Бар,,Бары,"проезд Фёдора Шаляпина, 2",,610047,Филейка м-н,Октябрьский район,Киров,Киров городской округ,Кировская область,Россия,,+03:00,,,,,,,,,,,,,,,58.645539,49.621591,https://2gis.com/firm/70000001065403287
Академия Виски,,Бары,"улица Талица, 45а",цокольный этаж,610902,Слобода Талица,Первомайский район,Киров,Киров городской округ,Кировская область,Россия,Пн: 13:00-23:00; Вт: 13:00-23:00; Ср: 13:00-23:00; Чт: 13:00-23:00; Пт: 13:00-24:00; Сб: 13:00-24:00; Вс: 13:00-23:00,+03:00,,,88332777887,89229777887,,http://akk43.ru/whisky.html,,,,https://wa.me/79229777887,,viber://chat/?number=79229777887,,,58.611963,49.788524,https://2gis.com/firm/70000001035084168
"Z & Z, бар",,Бары,"улица Ленина, 24",,,,,Кирово-Чепецк,Кирово-Чепецк городской округ,Кировская область,Россия,Пт: 20:00-03:00; Сб: 20:00-03:00,+03:00,,,,,,,,,https://vk.com/hookahzz43,,,,,,58.542088,50.027477,https://2gis.com/firm/70000001039154691
Соточка,кафе-бар,Бары; Кафе,"улица Орджоникидзе, 18а",,610008,,Нововятский район,Киров,Киров городской округ,Кировская область,Россия,Пн: 07:00-24:00; Вт: 07:00-24:00; Ср: 07:00-24:00; Чт: 07:00-24:00; Пт: 07:00-24:00; Сб: 07:00-24:00; Вс: 07:00-24:00,+03:00,,,89127289312,,,,,,,https://wa.me/79127289312,,,,,58.504977,49.706619,https://2gis.com/firm/8163302605592166
Дымка,кафе-бар,Бары; Кафе,"Береговая улица, 1",1 этаж,613117,,,,Слободской район,Кировская область,Россия,Пн: 09:00-23:00; Вт: 09:00-23:00; Ср: 09:00-23:00; Чт: 09:00-23:00; Пт: 09:00-23:00; Сб: 09:00-23:00; Вс: 09:00-23:00,+03:00,5.0,1,89229591649,,,,,,https://vk.com/sparrowlake,https://wa.me/79229591649,,,,,58.691168,49.829197,https://2gis.com/firm/70000001020273536
"Дубовая Бочка, бар",,Бары,"улица Калинина, 33",,,,,Кирово-Чепецк,Кирово-Чепецк городской округ,Кировская область,Россия,Пн: 12:00-23:00; Вт: 12:00-23:00; Ср: 12:00-23:00; Чт: 12:00-23:00; Пт: 12:00-23:00; Сб: 12:00-23:00; Вс: 12:00-23:00,+03:00,,,89127387828,,,,,,,,,,,,58.552787,50.036918,https://2gis.com/firm/70000001039154681
Берлога,пивной бар,Бары,"улица Алексея Некрасова, 29 к3",,,,,Кирово-Чепецк,Кирово-Чепецк городской округ,Кировская область,Россия,Пн: 12:00-23:00; Вт: 12:00-23:00; Ср: 12:00-23:00; Чт: 12:00-23:00; Пт: 12:00-23:00; Сб: 12:00-23:00; Вс: 12:00-23:00,+03:00,5.0,1,89536992868,,,,,,https://vk.com/club130044828,,,,,,58.53981,50.044636,https://2gis.com/firm/70000001039154694
Свой в доску,бар,Бары,"Октябрьская улица, 29а",1 этаж,610013,,Нововятский район,Киров,Киров городской округ,Кировская область,Россия,Пн: 18:00-06:00; Вт: 18:00-06:00; Ср: 18:00-06:00; Чт: 18:00-06:00; Пт: 18:00-06:00; Сб: 18:00-06:00; Вс: 18:00-06:00,+03:00,,,89127388888,,,,,,https://vk.com/club169035759,,,,,,58.495149,49.739439,https://2gis.com/firm/70000001036232493
Цитрон,бар,Бары,"Московская улица, 59",,610913,,,,Киров городской округ,Кировская область,Россия,Пн: 07:00-23:00; Вт: 07:00-23:00; Ср: 07:00-23:00; Чт: 07:00-23:00; Пт: 07:00-23:00; Сб: 07:00-23:00; Вс: 07:00-23:00 (технический перерыв: пн-вс 13:00-14:00),+03:00,,,,,,,,,,,,,,,58.596714,49.543288,https://2gis.com/firm/70000001033251865
Steampank,бар,Бары,"Индустриальная улица, 3",2 этаж,610010,мкр. Радужный,Нововятский район,Киров,Киров городской округ,Кировская область,Россия,Пн: 17:00-10:00; Вт: 17:00-10:00; Ср: 17:00-10:00; Чт: 17:00-10:00; Пт: 17:00-10:00; Сб: 17:00-10:00; Вс: 17:00-10:00,+03:00,3.0,2,88332776636,,,,,,https://vk.com/public192203078,,,,,,58.504602,49.65985,https://2gis.com/firm/70000001031339028
"Уралочка, кафе",,Кафе; Бары,"улица Карла Маркса, 3а",,,,,Кирово-Чепецк,Кирово-Чепецк городской округ,Кировская область,Россия,Пн: 06:00-20:00; Вт: 06:00-20:00; Ср: 06:00-20:00; Чт: 06:00-20:00; Пт: 06:00-20:00; Сб: 06:00-20:00; Вс: 06:00-20:00,+03:00,2.0,2,88336146309,,,,,,,,,,,,58.552319,50.03421,https://2gis.com/firm/70000001039155753
Бахтинское,пивной бар,Бары; Кафе,"Юбилейная улица, 24",,610914,,,,Киров городской округ,Кировская область,Россия,Пн: 07:00-22:00; Вт: 07:00-22:00; Ср: 07:00-22:00; Чт: 07:00-22:00; Пт: 07:00-22:00; Сб: 07:00-22:00; Вс: 07:00-22:00,+03:00,,,,,,,,,,,,,,,58.613473,49.410307,https://2gis.com/firm/8163302605588963
Гаштет,рестобар,Кафе; Бары,"улица Алексея Некрасова, 2",,,,,Кирово-Чепецк,Кирово-Чепецк городской округ,Кировская область,Россия,Пн: 09:00-22:00; Вт: 09:00-22:00; Ср: 09:00-22:00; Чт: 09:00-22:00; Пт: 09:00-01:00; Сб: 09:00-01:00; Вс: 09:00-22:00,+03:00,,,88332442040,,,,,,,,,,,,58.537108,50.024984,https://2gis.com/firm/70000001039146983
"Три Льва, паб",,Бары,"улица Ленина, 24",,,,,Кирово-Чепецк,Кирово-Чепецк городской округ,Кировская область,Россия,Пн: 11:00-22:00; Вт: 11:00-22:00; Ср: 11:00-22:00; Чт: 11:00-22:00; Пт: 11:00-24:00; Сб: 11:00-24:00; Вс: 11:00-22:00,+03:00,,,88336153926,,,,,,https://vk.com/pab_tri_lva,,,,,,58.541998,50.027477,https://2gis.com/firm/70000001039154686
Весёлый лось,бар,Бары,"улица 60 лет Октября, 24",,,,,Кирово-Чепецк,Кирово-Чепецк городской округ,Кировская область,Россия,,+03:00,1.0,2,,,,,,,,,,,,,58.532759,50.038749,https://2gis.com/firm/70000001062419589
Жара,бар,Бары,"улица Островского, 4а",,,,,Кирово-Чепецк,Кирово-Чепецк городской округ,Кировская область,Россия,,+03:00,,,,,,,,,,,,,,,58.554198,50.022384,https://2gis.com/firm/70000001052484465
Sova,бар,Бары,"проспект Кирова, 30а",,,,,Кирово-Чепецк,Кирово-Чепецк городской округ,Кировская область,Россия,Пн: 11:00-21:00; Вт: 11:00-21:00; Ср: 11:00-21:00; Чт: 11:00-21:00; Пт: 11:00-03:00; Сб: 19:00-03:00,+03:00,,,89091303660,,,,,,https://vk.com/sovakch,,,,,,58.555598,50.04091,https://2gis.com/firm/70000001039154417
"Колибри, бар",,Бары,"улица 60 лет Октября, 9а",,,,,Кирово-Чепецк,Кирово-Чепецк городской округ,Кировская область,Россия,Пн: 07:00-23:00; Вт: 07:00-23:00; Ср: 07:00-23:00; Чт: 07:00-23:00; Пт: 07:00-24:00; Сб: 07:00-24:00; Вс: 07:00-23:00,+03:00,,,,,,,,,,,,,,,58.532389,50.029233,https://2gis.com/firm/70000001039154413
"Фишка, бар",,Бары,"улица Ленина, 4",,,,,Кирово-Чепецк,Кирово-Чепецк городской округ,Кировская область,Россия,Пн: 00:00-24:00; Вт: 00:00-24:00; Ср: 00:00-24:00; Чт: 00:00-24:00; Пт: 00:00-24:00; Сб: 00:00-24:00; Вс: 00:00-24:00,+03:00,1.0,1,88336126218,,,,,,,,,,,,58.532959,50.021807,https://2gis.com/firm/70000001039154410
Спутник,бар,Бары; Рюмочные,"Школьная улица, 7",,613008,,,,Кирово-Чепецкий район,Кировская область,Россия,Пн: 07:00-23:00; Вт: 07:00-23:00; Ср: 07:00-23:00; Чт: 07:00-23:00; Пт: 07:00-23:00; Сб: 07:00-23:00; Вс: 07:00-23:00,+03:00,,,,,,,,,,,,,,,58.50672,49.514541,https://2gis.com/firm/70000001018562163
Гараж,бар,Бары,"Комсомольская (мкр. Лянгасово) улица, 59а",1 этаж,610051,мкр. Лянгасово,Ленинский район,Киров,Киров городской округ,Кировская область,Россия,Пн: 05:00-02:00; Вт: 05:00-02:00; Ср: 05:00-02:00; Чт: 05:00-02:00; Пт: 05:00-02:00; Сб: 05:00-02:00; Вс: 05:00-02:00,+03:00,1.0,1,,,,,,,,,,,,,58.52118,49.461069,https://2gis.com/firm/70000001037151525
Малахит,бар,Бары; Банкетные залы; Кафе,"проспект Мира, 20",,,,,Кирово-Чепецк,Кирово-Чепецк городской округ,Кировская область,Россия,Пн: 08:00-20:00; Вт: 08:00-20:00; Ср: 08:00-20:00; Чт: 08:00-20:00; Пт: 08:00-20:00; Сб: 08:00-20:00; Вс: 08:00-17:00,+03:00,,,88336145168,,,,,,,,,,,,58.553975,50.034536,https://2gis.com/firm/70000001039155274
БарДак,гриль-бар,Кафе; Бары,"улица Екатерининская, 52",,,,,Слободской,Слободской городской округ,Кировская область,Россия,Пн: 16:00-01:00; Вт: 16:00-01:00; Ср: 16:00-01:00; Чт: 16:00-01:00; Пт: 16:00-07:00; Сб: 16:00-07:00; Вс: 16:00-01:00,+03:00,,,89128205488,,,,,,https://vk.com/bardakgrillbar,,,,,,58.732423,50.185994,https://2gis.com/firm/70000001054559511
"Визави, кафе",,Кафе; Караоке-залы; Бары,"улица Луначарского, 2",,,,,Кирово-Чепецк,Кирово-Чепецк городской округ,Кировская область,Россия,Пн: 08:00-22:00; Вт: 08:00-22:00; Ср: 08:00-22:00; Чт: 08:00-22:00; Пт: 08:00-22:00; Сб: 08:00-22:00; Вс: 08:00-22:00,+03:00,3.0,1,,,,,,,,,,,,,58.551429,50.060709,https://2gis.com/firm/70000001039155756
"Пирамида, бар",,Бары,"улица Урицкого, 49а",,,,,Слободской,Слободской городской округ,Кировская область,Россия,Пн: 15:00-01:00; Вт: 15:00-01:00; Ср: 15:00-01:00; Чт: 15:00-01:00; Пт: 12:00-02:00; Сб: 12:00-02:00; Вс: 12:00-02:00,+03:00,,,89638872986,,,,,,,,,,,,58.738292,50.166645,https://2gis.com/firm/70000001046467225
"Broadway, бар",,Бары,"улица Яна Райниса, 11",,,,,Слободской,Слободской городской округ,Кировская область,Россия,Ср: 15:00-23:00; Чт: 15:00-23:00; Пт: 15:00-05:00; Сб: 15:00-05:00,+03:00,,,,,,,,,,,,,,,58.746422,50.179956,https://2gis.com/firm/70000001046467245
12 стульев,бар,Бары,"улица Революции, 6а",,,,,Кирово-Чепецк,Кирово-Чепецк городской округ,Кировская область,Россия,,+03:00,,,,,,,,,,,,,,,58.558071,50.020983,https://2gis.com/firm/70000001062109198
"Берёзка, бар",,Бары,"улица Ленина, 55а",,,,,Кирово-Чепецк,Кирово-Чепецк городской округ,Кировская область,Россия,Пн: 06:00-23:00; Вт: 06:00-23:00; Ср: 06:00-23:00; Чт: 06:00-23:00; Пт: 06:00-24:00; Сб: 06:00-24:00; Вс: 06:00-23:00,+03:00,,,,,,,,,,,,,,,58.557285,50.030823,https://2gis.com/firm/70000001039154679
Сладкий остров,,Бары,"Вятская набережная, 5а",,,,,Кирово-Чепецк,Кирово-Чепецк городской округ,Кировская область,Россия,Пн: 10:00-21:00; Вт: 10:00-21:00; Ср: 10:00-21:00; Чт: 10:00-21:00; Пт: 10:00-21:00; Сб: 10:00-21:00; Вс: 10:00-21:00,+03:00,,,88336147109,,,,,,https://vk.com/fest_chepetsk,,,,,,58.559879,50.038235,https://2gis.com/firm/70000001054557997
Встреча,бар,Бары,,,,,,,Слободской район,Кировская область,Россия,,+03:00,,,,,,,,,,,,,,,58.690672,50.038058,https://2gis.com/firm/70000001066030832
